timestamp,temperature,humidity,mq135,co,riskScore
2026-08-27 12:45:36.955,30.5,65.0,820.0,12.0,100.0
2026-08-27 18:53:30.554,30.4,91.3,815.0,167.0,0.0
2026-08-28 17:44:35.462,29.9,84.5,0.0,0.0,0.0
2026-08-28 17:44:45.768,30.6,88.1,0.0,0.0,0.0
2026-08-28 17:44:56.190,30.6,88.1,0.0,0.0,0.0
2026-08-28 17:45:06.321,30.6,88.1,0.0,0.0,0.0
2026-08-28 17:45:16.436,30.6,88.1,0.0,0.0,0.0
2026-08-28 17:45:26.624,30.6,88.1,0.0,0.0,0.0
2026-08-28 17:45:36.729,30.6,88.1,0.0,0.0,0.0
2026-08-28 17:45:46.861,30.6,88.1,0.0,0.0,0.0
2026-08-28 17:45:56.957,30.6,88.1,0.0,0.0,0.0
2026-08-28 17:46:07.136,30.6,88.1,0.0,0.0,0.0
2026-08-28 17:46:17.305,30.6,88.1,0.0,0.0,0.0
2026-08-28 17:46:27.431,30.6,88.1,0.0,0.0,0.0
2026-08-28 17:46:37.550,30.6,88.1,0.0,0.0,0.0
2026-08-28 17:46:47.674,30.6,88.1,0.0,0.0,0.0
2026-08-28 17:46:57.806,30.6,88.1,0.0,0.0,0.0
2026-08-28 17:47:07.915,30.6,88.1,0.0,0.0,0.0
2026-08-28 17:47:18.064,30.6,87.8,0.0,0.0,0.0
2026-08-28 17:47:28.246,30.6,87.8,0.0,0.0,0.0
2026-08-28 17:47:38.419,30.6,87.8,0.0,0.0,0.0
2026-08-28 17:47:48.648,30.6,87.8,0.0,0.0,0.0
2026-08-28 17:47:58.758,30.6,87.8,0.0,0.0,0.0
2026-08-28 17:48:08.865,30.6,87.8,0.0,0.0,0.0
2026-08-28 17:48:19.062,30.6,87.8,0.0,0.0,0.0
2026-08-28 17:48:29.199,30.6,87.8,0.0,0.0,0.0
2026-08-28 17:48:39.306,30.6,87.8,0.0,0.0,0.0
2026-08-28 17:48:49.474,30.6,87.8,0.0,0.0,0.0
2026-08-28 17:48:59.717,30.6,88.1,0.0,0.0,0.0
2026-08-28 17:49:09.852,30.6,87.8,0.0,0.0,0.0
2026-08-28 17:49:19.989,30.6,87.8,0.0,0.0,0.0
2026-08-28 17:49:30.128,30.6,87.8,0.0,0.0,0.0
2026-08-28 17:49:40.238,30.6,88.1,0.0,0.0,0.0
2026-08-28 17:49:50.343,30.6,87.8,0.0,0.0,0.0
2026-08-28 17:50:00.645,30.6,87.8,0.0,0.0,0.0
2026-08-28 17:50:10.780,30.6,87.8,0.0,0.0,0.0
2026-08-28 17:50:20.919,30.6,87.8,0.0,0.0,0.0
2026-08-28 17:50:31.030,30.6,88.1,0.0,0.0,0.0
2026-08-28 17:50:41.191,30.6,88.1,0.0,0.0,0.0
2026-08-28 17:50:51.331,30.6,87.8,0.0,0.0,0.0
2026-08-28 17:51:01.433,30.6,87.8,0.0,0.0,0.0
2026-08-28 17:51:11.545,30.6,87.8,0.0,0.0,0.0
2026-08-28 17:51:21.846,30.6,87.8,0.0,0.0,0.0
2026-08-28 17:51:31.953,30.6,87.8,0.0,0.0,0.0
2026-08-28 17:51:42.058,30.6,87.8,0.0,0.0,0.0
2026-08-28 17:51:52.164,30.6,88.1,0.0,0.0,0.0
2026-08-28 17:52:02.498,30.6,88.1,0.0,0.0,0.0
2026-08-28 17:52:12.632,30.6,87.8,0.0,0.0,0.0
2026-08-28 17:52:22.774,30.6,88.1,0.0,0.0,0.0
2026-08-28 17:52:32.879,30.6,87.8,0.0,0.0,0.0
2026-08-28 17:52:42.986,30.6,87.8,0.0,0.0,0.0
2026-08-28 17:52:53.092,30.6,87.8,0.0,0.0,0.0
2026-08-28 17:53:03.203,30.6,87.8,0.0,0.0,0.0
2026-08-28 17:53:13.307,30.6,87.8,0.0,0.0,0.0
2026-08-28 17:53:23.498,30.6,87.8,0.0,0.0,0.0
2026-08-28 17:53:33.634,30.6,87.8,0.0,0.0,0.0
2026-08-28 17:53:43.743,30.6,87.8,0.0,0.0,0.0
2026-08-28 17:53:54.013,30.6,88.1,0.0,0.0,0.0
2026-08-28 17:54:04.149,30.6,87.8,0.0,0.0,0.0
2026-08-28 17:54:14.260,30.6,88.1,0.0,0.0,0.0
2026-08-28 17:54:24.366,30.6,88.1,0.0,0.0,0.0
2026-08-28 17:54:34.559,30.6,87.8,0.0,0.0,0.0
2026-08-28 17:54:44.695,30.6,87.8,0.0,0.0,0.0
2026-08-28 17:54:54.809,30.6,88.1,0.0,0.0,0.0
2026-08-28 17:55:04.929,30.6,88.1,0.0,0.0,0.0
2026-08-28 17:55:15.036,30.6,88.1,0.0,0.0,0.0
2026-08-28 17:55:25.151,30.6,87.8,0.0,0.0,0.0
2026-08-28 17:55:35.259,30.6,88.1,0.0,0.0,0.0
2026-08-28 17:55:45.354,30.6,87.8,0.0,0.0,0.0
2026-08-28 17:55:55.454,30.6,88.1,0.0,0.0,0.0
2026-08-28 17:56:05.558,30.6,88.1,0.0,0.0,0.0
2026-08-28 17:56:15.668,30.6,88.1,0.0,0.0,0.0
2026-08-28 17:56:25.775,30.6,88.1,0.0,0.0,0.0
2026-08-28 17:56:35.875,30.6,88.1,0.0,0.0,0.0
2026-08-28 17:56:46.043,30.6,88.1,0.0,0.0,0.0
2026-08-28 17:56:56.182,30.6,88.1,0.0,0.0,0.0
2026-08-28 17:57:06.315,30.6,88.1,0.0,0.0,0.0
2026-08-28 17:57:16.432,30.6,88.1,0.0,0.0,0.0
2026-08-28 17:57:26.535,30.6,88.1,0.0,0.0,0.0
2026-08-28 17:57:36.738,30.6,88.1,0.0,0.0,0.0
2026-08-28 17:57:46.869,30.6,88.1,0.0,0.0,0.0
2026-08-28 17:57:56.982,30.6,88.1,0.0,0.0,0.0
2026-08-28 17:58:07.083,30.6,88.1,0.0,0.0,0.0
2026-08-28 17:58:17.281,30.6,88.1,0.0,0.0,0.0
2026-08-28 17:58:27.419,30.6,88.1,0.0,0.0,0.0
2026-08-28 17:58:37.529,30.6,88.1,0.0,0.0,0.0
2026-08-28 17:58:47.634,30.6,88.1,0.0,0.0,0.0
2026-08-28 17:58:57.739,30.6,88.1,0.0,0.0,0.0
2026-08-28 17:59:07.836,30.6,88.1,0.0,0.0,0.0
2026-08-28 17:59:18.008,30.6,88.1,0.0,0.0,0.0
2026-08-28 17:59:28.146,30.6,88.1,0.0,0.0,0.0
2026-08-28 17:59:38.248,30.6,88.1,0.0,0.0,0.0
2026-08-28 17:59:48.416,30.6,88.1,0.0,0.0,0.0
2026-08-28 17:59:58.557,30.6,88.1,0.0,0.0,0.0
2026-08-28 18:00:08.693,30.6,88.1,0.0,0.0,0.0
2026-08-28 18:00:18.803,30.6,88.1,0.0,0.0,0.0
2026-08-28 18:00:28.967,30.6,88.1,0.0,0.0,0.0
2026-08-28 18:00:39.105,30.6,88.1,0.0,0.0,0.0
2026-08-28 18:00:49.202,30.6,88.1,0.0,0.0,0.0
2026-08-28 18:00:59.303,30.6,88.1,0.0,0.0,0.0
2026-08-28 18:01:09.407,30.6,88.1,0.0,0.0,0.0
2026-08-28 18:01:19.528,30.6,88.1,0.0,0.0,0.0
2026-08-28 18:01:29.635,30.6,88.1,0.0,0.0,0.0
2026-08-28 18:01:39.751,30.6,88.1,0.0,0.0,0.0
2026-08-28 18:01:49.877,30.6,88.1,0.0,0.0,0.0
2026-08-28 18:02:00.023,30.6,88.1,0.0,0.0,0.0
2026-08-28 18:02:10.126,30.6,88.1,0.0,0.0,0.0
2026-08-28 18:02:20.223,30.6,88.1,0.0,0.0,0.0
2026-08-28 18:02:30.414,30.6,88.1,0.0,0.0,0.0
2026-08-28 18:02:40.518,30.6,88.1,0.0,0.0,0.0
2026-08-28 18:02:50.692,30.6,88.1,0.0,0.0,0.0
2026-08-28 18:03:00.802,30.6,88.1,0.0,0.0,0.0
2026-08-28 18:03:10.920,30.6,88.1,0.0,0.0,0.0
2026-08-28 18:03:21.101,30.6,88.1,0.0,0.0,0.0
2026-08-28 18:03:31.246,30.6,88.1,0.0,0.0,0.0
2026-08-28 18:03:41.363,30.6,88.1,0.0,0.0,0.0
2026-08-28 18:03:51.475,30.6,88.1,0.0,0.0,0.0
2026-08-28 18:04:01.657,30.6,88.1,0.0,0.0,0.0
2026-08-28 18:04:11.754,30.6,88.1,0.0,0.0,0.0
2026-08-29 02:25:09.111,31.4,88.8,0.0,0.0,0.0
2026-08-29 02:25:19.306,31.5,88.4,0.0,0.0,0.0
2026-08-29 02:25:29.438,31.5,88.2,0.0,0.0,0.0
2026-08-29 02:25:39.548,31.5,87.9,0.0,0.0,0.0
2026-08-29 02:25:49.653,31.5,87.9,0.0,0.0,0.0
2026-08-29 02:25:59.853,31.5,87.7,0.0,0.0,0.0
2026-08-29 02:26:09.954,31.6,87.7,0.0,0.0,0.0
2026-08-29 02:26:20.062,31.6,87.7,0.0,0.0,0.0
2026-08-29 02:26:30.171,31.7,87.4,0.0,0.0,0.0
2026-08-29 02:26:40.303,31.7,87.2,0.0,0.0,0.0
2026-08-29 02:26:50.410,31.7,87.2,0.0,0.0,0.0
2026-08-29 02:27:00.516,31.7,87.2,0.0,0.0,0.0
2026-08-29 02:27:10.609,31.7,86.9,0.0,0.0,0.0
2026-08-29 02:27:20.725,31.7,86.9,0.0,0.0,0.0
2026-08-29 02:27:30.826,31.7,86.7,0.0,0.0,0.0
2026-08-29 02:27:40.937,31.7,86.7,0.0,0.0,0.0
2026-08-29 02:27:51.159,31.8,86.3,0.0,0.0,0.0
2026-08-29 02:28:01.268,31.8,86.3,0.0,0.0,0.0
2026-08-29 02:28:11.595,31.8,86.3,0.0,0.0,0.0
2026-08-29 02:28:21.784,31.8,86.3,0.0,0.0,0.0
2026-08-29 02:28:31.918,31.8,86.3,0.0,0.0,0.0
2026-08-29 02:28:42.062,31.9,86.3,0.0,0.0,0.0
2026-08-29 02:28:52.195,31.9,86.3,0.0,0.0,0.0
2026-08-29 02:29:07.042,31.9,86.3,0.0,0.0,0.0
2026-08-29 02:29:17.146,32.0,86.2,0.0,0.0,0.0
2026-08-29 02:29:27.243,32.0,86.2,0.0,0.0,0.0
2026-08-29 02:29:37.453,32.0,86.0,0.0,0.0,0.0
2026-08-29 02:29:47.555,32.0,85.8,0.0,0.0,0.0
2026-08-29 02:29:57.766,32.0,85.6,0.0,0.0,0.0
2026-08-29 02:30:07.893,32.0,85.6,0.0,0.0,0.0
2026-08-29 02:30:18.105,32.0,85.4,0.0,0.0,0.0
2026-08-29 02:30:28.214,32.0,85.6,0.0,0.0,0.0
2026-08-29 02:30:38.314,32.0,85.4,0.0,0.0,0.0
2026-08-29 02:30:48.444,32.0,85.6,0.0,0.0,0.0
2026-08-29 02:30:58.566,32.0,85.6,0.0,0.0,0.0
2026-08-29 02:31:08.684,32.1,85.6,0.0,0.0,0.0
2026-08-29 02:31:18.803,32.1,85.4,0.0,0.0,0.0
2026-08-29 02:31:28.964,32.1,85.4,0.0,0.0,0.0
2026-08-29 02:31:39.105,32.1,85.4,0.0,0.0,0.0
2026-08-29 02:31:49.222,32.1,85.4,0.0,0.0,0.0
2026-08-29 02:31:59.482,32.1,85.2,0.0,0.0,0.0
2026-08-29 02:32:09.589,32.1,85.2,0.0,0.0,0.0
2026-08-29 02:32:19.756,32.1,85.2,0.0,0.0,0.0
2026-08-29 02:32:29.895,32.1,85.0,0.0,0.0,0.0
2026-08-29 02:32:40.001,32.1,85.0,0.0,0.0,0.0
2026-08-29 02:32:50.168,32.1,85.0,0.0,0.0,0.0
2026-08-29 02:33:00.276,32.1,85.0,0.0,0.0,0.0
2026-08-29 02:33:10.386,32.1,85.2,0.0,0.0,0.0
2026-08-29 02:33:20.490,32.2,85.2,0.0,0.0,0.0
2026-08-29 02:33:30.616,32.1,85.2,0.0,0.0,0.0
2026-08-29 02:33:40.756,32.2,85.2,0.0,0.0,0.0
2026-08-29 02:33:50.859,32.2,85.2,0.0,0.0,0.0
2026-08-29 02:34:00.959,32.2,85.2,0.0,0.0,0.0
2026-08-29 02:34:11.061,32.2,85.2,0.0,0.0,0.0
2026-08-29 02:34:21.169,32.2,85.2,0.0,0.0,0.0
2026-08-29 02:34:31.274,32.2,85.2,0.0,0.0,0.0
2026-08-29 10:32:58.379,30.4,81.8,0.0,0.0,0.0
2026-08-29 10:33:09.021,30.5,86.2,0.0,0.0,0.0
2026-08-29 10:33:19.142,30.6,86.2,0.0,0.0,0.0
2026-08-29 10:33:29.293,30.7,86.0,0.0,0.0,0.0
2026-08-29 10:33:39.524,30.8,85.7,0.0,0.0,0.0
2026-08-29 10:33:49.630,30.8,85.5,0.0,0.0,0.0
2026-08-29 10:33:59.797,30.8,85.3,0.0,0.0,0.0
2026-08-29 10:34:09.901,30.9,85.1,0.0,0.0,0.0
2026-08-29 10:34:20.083,30.9,85.1,0.0,0.0,0.0
2026-08-29 10:34:30.200,30.9,84.9,0.0,0.0,0.0
2026-08-29 10:34:40.303,30.9,84.7,0.0,0.0,0.0
2026-08-29 10:34:50.484,30.9,84.7,0.0,0.0,0.0
2026-08-29 10:35:00.602,31.0,84.6,0.0,0.0,0.0
2026-08-29 10:35:10.705,31.0,84.5,0.0,0.0,0.0
2026-08-29 10:35:20.898,31.0,84.5,0.0,0.0,0.0
2026-08-29 10:35:31.017,31.0,84.5,0.0,0.0,0.0
2026-08-29 10:35:41.120,31.0,84.3,0.0,0.0,0.0
2026-08-29 10:35:51.222,31.0,84.3,0.0,0.0,0.0
2026-08-29 10:36:01.452,31.0,84.3,0.0,0.0,0.0
2026-08-29 10:37:39.214,30.7,80.7,0.0,0.0,0.0
2026-08-29 10:37:49.715,30.8,84.9,0.0,0.0,0.0
2026-08-29 10:37:59.904,30.9,85.1,0.0,0.0,0.0
2026-08-29 10:38:10.028,30.9,84.9,0.0,0.0,0.0
2026-08-29 10:38:20.141,31.0,84.6,0.0,0.0,0.0
2026-08-29 10:38:30.252,31.0,84.5,0.0,0.0,0.0
2026-08-29 10:38:40.364,31.0,84.5,0.0,0.0,0.0
2026-08-29 10:38:50.469,31.0,84.3,0.0,0.0,0.0
2026-08-29 10:39:00.570,31.0,84.3,0.0,0.0,0.0
2026-08-29 10:39:10.672,31.0,84.1,0.0,0.0,0.0
2026-08-29 10:39:20.777,31.0,84.1,0.0,0.0,0.0
2026-08-29 10:39:30.956,31.1,84.0,0.0,0.0,0.0
2026-08-29 10:39:41.198,31.1,84.0,0.0,0.0,0.0
2026-08-29 10:39:51.340,31.1,84.0,0.0,0.0,0.0
2026-08-29 10:40:01.452,31.1,84.0,0.0,0.0,0.0
2026-08-29 10:40:34.855,31.1,84.0,908.0,677.0,0.0
2026-08-29 10:40:44.971,31.1,83.8,893.0,143.0,0.0
2026-08-29 10:40:55.095,31.2,83.8,907.0,151.0,0.0
2026-08-29 10:41:05.269,31.2,83.8,888.0,142.0,0.0
2026-08-29 10:41:15.406,31.2,83.8,896.0,151.0,0.0
2026-08-29 10:41:25.513,31.2,83.8,893.0,142.0,0.0
2026-08-29 10:41:35.796,31.2,83.8,888.0,124.0,0.0
2026-08-29 10:41:45.934,31.2,83.8,883.0,143.0,0.0
2026-08-29 10:41:56.060,31.2,83.8,871.0,141.0,0.0
2026-08-29 10:42:06.160,31.2,83.8,873.0,119.0,0.0
2026-08-29 10:42:16.337,31.2,83.8,879.0,143.0,0.0
2026-08-29 10:42:26.471,31.2,83.8,877.0,137.0,0.0
2026-08-29 10:42:36.632,31.2,83.8,883.0,142.0,0.0
2026-08-29 10:42:46.849,31.2,83.6,877.0,142.0,0.0
2026-08-29 10:42:56.975,31.2,83.6,871.0,135.0,0.0
2026-08-29 10:43:07.139,31.2,83.6,873.0,135.0,0.0
2026-08-29 10:43:17.248,31.2,83.6,877.0,147.0,0.0
2026-08-29 10:43:27.398,31.2,83.6,887.0,143.0,0.0
2026-08-29 10:43:37.538,31.2,83.6,880.0,141.0,0.0
2026-08-29 10:43:47.673,31.2,83.8,873.0,135.0,0.0
2026-08-29 10:43:57.849,31.2,83.8,874.0,137.0,0.0
2026-08-29 10:44:07.983,31.2,83.8,874.0,126.0,0.0
2026-08-29 10:44:18.104,31.2,83.8,873.0,140.0,0.0
2026-08-29 10:44:28.439,31.2,83.8,871.0,133.0,0.0
2026-08-29 10:44:38.671,31.2,83.8,868.0,127.0,0.0
2026-08-29 10:44:48.779,31.2,83.8,886.0,141.0,0.0
2026-08-29 10:44:58.880,31.2,83.8,872.0,134.0,0.0
2026-08-29 10:45:08.992,31.2,83.8,875.0,141.0,0.0
2026-08-29 10:45:19.224,31.2,83.8,877.0,141.0,0.0
2026-08-29 10:45:29.333,31.2,83.8,884.0,148.0,0.0
2026-08-29 10:45:39.492,31.2,83.8,877.0,141.0,0.0
2026-08-29 10:45:49.636,31.2,83.8,885.0,141.0,0.0
2026-08-29 10:45:59.738,31.2,83.8,875.0,147.0,0.0
2026-08-29 10:46:09.909,31.2,83.6,876.0,143.0,0.0
2026-08-29 10:46:20.023,31.2,83.6,885.0,152.0,0.0
2026-08-29 10:46:30.126,31.2,83.6,885.0,145.0,0.0
2026-08-29 10:46:40.320,31.2,83.6,889.0,147.0,0.0
2026-08-29 10:46:50.455,31.2,83.8,880.0,145.0,0.0
2026-08-29 10:47:00.581,31.2,83.6,794.0,820.0,0.0
2026-08-29 10:47:10.703,31.2,83.8,109.0,111.0,0.0
2026-08-29 10:47:20.867,31.2,83.6,0.0,2.0,0.0
2026-08-29 10:47:30.993,31.2,83.6,861.0,149.0,0.0
2026-08-29 10:47:41.147,31.2,83.6,882.0,145.0,0.0
2026-08-29 10:47:51.247,31.2,83.6,885.0,147.0,0.0
2026-08-29 10:48:01.355,31.2,83.6,884.0,150.0,0.0
2026-08-29 10:48:11.467,31.2,83.6,886.0,151.0,0.0
2026-08-29 10:48:21.578,31.2,83.6,885.0,147.0,0.0
2026-08-29 10:48:31.734,31.2,83.6,883.0,147.0,0.0
2026-08-29 10:48:41.840,31.2,83.6,880.0,151.0,0.0
2026-08-29 10:48:52.011,31.2,83.6,872.0,127.0,0.0
2026-08-29 10:49:02.112,31.2,83.6,885.0,147.0,0.0
2026-08-29 10:49:12.287,31.2,83.6,877.0,149.0,0.0
2026-08-29 10:49:22.418,31.2,83.6,883.0,143.0,0.0
2026-08-29 10:49:32.527,31.2,83.6,885.0,151.0,0.0
2026-08-29 10:49:42.694,31.2,83.6,887.0,151.0,0.0
2026-08-29 10:49:52.793,31.2,83.6,884.0,143.0,0.0
2026-08-29 10:50:23.656,31.2,83.6,221.0,185.0,0.0
2026-08-29 10:50:33.871,31.2,83.6,224.0,179.0,0.0
2026-08-29 10:50:44.127,31.2,83.6,220.0,172.0,0.0
2026-08-29 10:50:54.390,31.2,83.6,206.0,159.0,0.0
2026-08-29 10:51:04.619,31.2,83.6,217.0,173.0,0.0
2026-08-29 10:51:14.842,31.2,83.6,219.0,174.0,0.0
2026-08-29 10:51:25.086,31.2,83.6,219.0,174.0,0.0
2026-08-29 10:51:35.365,31.2,83.6,218.0,176.0,0.0
2026-08-29 10:51:45.591,31.2,83.6,220.0,174.0,0.0
2026-08-29 10:51:55.788,31.2,83.6,219.0,175.0,0.0
2026-08-29 10:52:06.054,31.2,83.6,221.0,175.0,0.0
2026-08-29 10:52:16.261,31.2,83.6,218.0,173.0,0.0
2026-08-29 10:52:26.552,31.2,83.6,218.0,173.0,0.0
2026-08-29 10:52:36.770,31.2,83.6,217.0,174.0,0.0
2026-08-29 10:52:46.988,31.2,83.6,217.0,171.0,0.0
2026-08-29 10:58:49.074,30.9,85.3,216.0,149.0,0.0
2026-08-29 10:58:59.305,30.9,84.9,225.0,176.0,0.0
2026-08-29 10:59:09.531,31.0,84.6,231.0,178.0,0.0
2026-08-29 10:59:19.818,31.0,84.5,228.0,164.0,0.0
2026-08-29 10:59:30.059,31.0,84.3,228.0,177.0,0.0
2026-08-29 10:59:40.289,31.0,84.3,230.0,177.0,0.0
2026-08-29 10:59:50.539,31.0,84.1,226.0,177.0,0.0
2026-08-29 11:00:00.882,31.0,84.1,217.0,177.0,0.0
2026-08-29 11:00:11.194,31.1,84.1,220.0,170.0,0.0
2026-08-29 11:00:21.758,31.1,84.0,196.0,158.0,0.0
2026-08-29 11:00:32.011,31.1,84.0,206.0,157.0,0.0
2026-08-29 11:00:42.350,31.1,83.8,219.0,175.0,0.0
2026-08-29 11:00:52.694,31.1,83.8,215.0,172.0,0.0
2026-08-29 11:01:03.036,31.1,83.8,216.0,173.0,0.0
2026-08-29 11:01:13.381,31.1,83.8,217.0,173.0,0.0
2026-08-29 11:01:23.611,31.1,83.8,217.0,166.0,0.0
2026-08-29 11:01:33.861,31.1,83.8,211.0,164.0,0.0
2026-08-29 11:01:44.093,31.1,83.8,220.0,173.0,0.0
2026-08-29 11:01:55.066,31.2,83.6,149.0,131.0,0.0
2026-08-29 11:02:05.719,31.2,83.6,208.0,166.0,0.0
2026-08-29 11:02:15.952,31.2,83.6,213.0,168.0,0.0
2026-08-29 11:02:26.185,31.1,83.6,215.0,171.0,0.0
2026-08-29 11:02:36.528,31.1,83.6,214.0,168.0,0.0
2026-08-29 11:02:46.749,31.1,83.6,215.0,169.0,0.0
2026-08-29 11:02:56.984,31.1,83.6,208.0,165.0,0.0
2026-08-29 11:03:07.247,31.2,83.6,216.0,170.0,0.0
2026-08-29 11:03:17.472,31.2,83.6,212.0,167.0,0.0
2026-08-29 11:03:27.732,31.2,83.6,215.0,171.0,0.0
2026-08-29 11:03:38.071,31.2,83.6,213.0,168.0,0.0
2026-08-29 11:03:48.413,31.1,83.6,209.0,169.0,0.0
2026-08-29 11:03:58.639,31.2,83.6,213.0,170.0,0.0
2026-08-29 11:04:09.011,31.1,83.6,213.0,170.0,199.0
2026-08-29 11:04:19.353,31.2,83.6,208.0,162.0,191.0
2026-08-29 11:04:29.587,31.2,83.6,211.0,170.0,198.0
2026-08-29 11:04:39.823,31.2,83.6,215.0,169.0,198.0
2026-08-29 11:04:50.062,31.2,83.6,198.0,165.0,192.0
2026-08-29 11:05:00.401,31.1,83.6,212.0,169.0,198.0
2026-08-29 11:05:10.744,31.2,83.6,212.0,170.0,198.0
2026-08-29 11:05:21.089,31.2,83.6,213.0,169.0,198.0
2026-08-29 11:05:31.347,31.2,83.6,212.0,168.0,197.0
2026-08-29 11:05:41.677,31.1,83.6,213.0,170.0,199.0
2026-08-29 11:05:52.088,31.1,83.6,214.0,170.0,199.0
2026-08-29 11:06:02.347,31.1,83.6,213.0,168.0,197.0
2026-08-29 11:06:12.693,31.1,83.6,215.0,168.0,197.0
2026-08-29 11:06:23.033,31.1,83.8,215.0,169.0,198.0
2026-08-29 11:06:33.269,31.1,83.8,212.0,168.0,197.0
2026-08-29 11:28:38.688,30.9,83.7,70.0,988.0,500.0
2026-08-29 11:28:43.849,30.9,84.2,713.0,53.0,205.0
2026-08-29 11:28:48.996,30.9,84.2,905.0,303.0,443.0
2026-08-29 11:28:54.136,30.9,84.2,611.0,150.0,262.0
2026-08-29 11:28:59.371,30.9,84.2,1004.0,355.0,500.0
2026-08-29 11:29:04.581,30.9,84.2,555.0,123.0,229.0
2026-08-29 11:29:09.732,30.9,84.2,884.0,27.0,218.0
2026-08-29 11:29:14.922,30.9,84.2,1046.0,381.0,500.0
2026-08-29 11:29:20.081,30.9,84.1,1195.0,287.0,489.0
2026-08-29 11:29:25.267,30.9,84.1,617.0,13.0,154.0
2026-08-29 11:29:30.487,30.9,84.1,536.0,103.0,210.0
2026-08-29 11:29:35.620,30.9,84.1,1200.0,237.0,450.0
2026-08-29 11:29:40.758,30.9,84.1,709.0,51.0,203.0
2026-08-29 11:29:45.899,30.9,84.1,602.0,160.0,268.0
2026-08-29 11:29:51.070,30.9,84.2,867.0,303.0,436.0
2026-08-29 11:29:56.291,30.9,84.1,594.0,156.0,264.0
2026-08-29 11:30:01.443,30.9,84.2,728.0,217.0,339.0
2026-08-29 11:30:06.631,30.9,84.2,583.0,150.0,257.0
2026-08-29 11:30:11.857,30.9,84.2,597.0,0.0,139.0
2026-08-29 11:30:16.995,30.9,84.2,589.0,149.0,257.0
2026-08-29 11:30:22.135,30.9,84.2,1103.0,431.0,500.0
2026-08-29 11:30:27.272,30.9,84.2,1065.0,409.0,500.0
2026-08-29 11:30:32.406,30.9,84.2,749.0,46.0,207.0
2026-08-29 11:30:37.547,30.9,84.2,713.0,47.0,200.0
2026-08-29 11:30:42.782,30.9,84.2,837.0,279.0,411.0
2026-08-29 11:30:47.928,30.9,84.2,993.0,374.0,500.0
2026-08-29 11:30:53.064,30.9,84.2,536.0,95.0,203.0
2026-08-29 11:30:58.245,30.9,84.2,1032.0,83.0,293.0
2026-08-29 11:31:03.466,30.9,84.2,568.0,52.0,175.0
2026-08-29 11:31:08.688,30.9,84.2,903.0,327.0,462.0
2026-08-29 11:31:13.835,30.9,84.2,1163.0,215.0,425.0
2026-08-29 11:31:19.031,30.9,84.2,536.0,89.0,198.0
2026-08-29 11:31:24.160,30.9,84.2,937.0,39.0,239.0
2026-08-29 11:31:29.304,30.9,84.2,1213.0,293.0,497.0
2026-08-29 11:31:34.595,30.9,84.2,544.0,119.0,224.0
2026-08-29 11:31:39.817,30.9,84.4,842.0,44.0,224.0
2026-08-29 11:31:44.968,30.9,84.2,750.0,232.0,356.0
2026-08-29 11:31:50.162,30.9,84.2,931.0,37.0,236.0
2026-08-29 11:31:55.317,30.9,84.2,672.0,199.0,314.0
2026-08-29 11:32:00.452,30.9,84.2,695.0,212.0,329.0
2026-08-29 11:32:05.622,30.9,84.2,847.0,43.0,224.0
2026-08-29 11:32:10.822,30.9,84.2,585.0,153.0,259.0
2026-08-29 11:32:16.021,30.9,84.2,1213.0,428.0,500.0
2026-08-29 11:32:21.214,30.9,84.2,626.0,167.0,279.0
2026-08-29 11:32:26.407,30.9,84.2,1048.0,399.0,500.0
2026-08-29 11:32:31.547,30.9,84.2,547.0,121.0,226.0
2026-08-29 11:32:36.706,30.9,84.2,1238.0,329.0,500.0
2026-08-29 11:32:41.871,30.9,84.4,543.0,116.0,221.0
2026-08-29 11:32:47.019,30.9,84.2,1260.0,423.0,500.0
2026-08-29 11:32:52.159,30.9,84.2,831.0,281.0,411.0
2026-08-29 11:32:57.298,30.9,84.2,1211.0,467.0,500.0
2026-08-29 11:33:02.456,30.9,84.2,605.0,159.0,268.0
2026-08-29 11:33:07.598,30.9,84.4,525.0,35.0,153.0
2026-08-29 11:33:12.744,30.9,84.2,563.0,142.0,246.0
2026-08-29 11:33:17.915,30.9,84.2,797.0,254.0,383.0
2026-08-29 11:33:23.065,30.9,84.2,548.0,123.0,228.0
2026-08-29 11:33:28.234,30.9,84.2,922.0,341.0,477.0
2026-08-29 11:33:33.375,30.9,84.2,572.0,143.0,249.0
2026-08-29 11:33:38.507,30.9,84.2,890.0,315.0,450.0
2026-08-29 11:33:43.658,30.9,84.2,555.0,125.0,231.0
2026-08-29 11:33:48.843,30.9,84.2,795.0,47.0,217.0
2026-08-29 11:33:53.979,30.9,84.2,841.0,275.0,408.0
2026-08-29 11:33:59.125,30.9,84.2,543.0,117.0,222.0
2026-08-29 11:34:04.258,30.9,84.2,690.0,207.0,324.0
2026-08-29 11:34:09.421,30.9,84.2,721.0,45.0,200.0
2026-08-29 11:34:14.647,30.9,84.4,531.0,91.0,199.0
2026-08-29 11:34:19.867,30.9,84.2,537.0,109.0,215.0
2026-08-29 11:34:25.017,30.9,84.4,1269.0,363.0,500.0
2026-08-29 11:34:30.218,30.9,84.2,1287.0,435.0,500.0
2026-08-29 11:34:35.436,30.9,84.2,775.0,47.0,213.0
2026-08-29 11:34:40.668,30.9,84.2,703.0,35.0,189.0
2026-08-29 11:34:45.883,30.9,84.2,559.0,0.0,132.0
2026-08-29 11:34:51.022,30.9,84.2,1273.0,360.0,500.0
2026-08-29 11:34:56.170,30.9,84.2,620.0,171.0,281.0
2026-08-29 11:35:01.314,30.9,84.2,1015.0,85.0,291.0
2026-08-29 11:35:06.568,30.9,84.2,605.0,152.0,263.0
2026-08-29 11:35:11.783,30.9,84.2,820.0,246.0,381.0
2026-08-29 11:35:17.003,30.9,84.2,612.0,9.0,150.0
2026-08-29 11:35:22.196,30.9,84.2,1050.0,373.0,500.0
2026-08-29 11:35:27.381,30.9,84.2,538.0,100.0,208.0
2026-08-29 11:35:32.578,30.9,84.4,1237.0,335.0,500.0
2026-08-29 11:35:37.722,30.9,84.4,1223.0,427.0,500.0
2026-08-29 11:35:42.862,30.9,84.2,1177.0,239.0,447.0
2026-08-29 11:35:48.004,30.9,84.2,1214.0,427.0,500.0
2026-08-29 11:35:53.146,30.9,84.2,923.0,330.0,469.0
2026-08-29 11:35:58.299,30.9,84.2,683.0,200.0,317.0
2026-08-29 11:36:03.600,30.9,84.2,1123.0,142.0,358.0
2026-08-29 11:36:08.821,30.9,84.2,1251.0,419.0,500.0
2026-08-29 11:36:13.960,30.9,84.2,597.0,9.0,147.0
2026-08-29 11:36:19.181,30.9,84.2,549.0,115.0,222.0
2026-08-29 11:36:24.341,30.9,84.2,587.0,141.0,250.0
2026-08-29 11:36:29.485,30.9,84.2,1143.0,439.0,500.0
2026-08-29 11:36:34.728,30.9,84.2,542.0,103.0,211.0
2026-08-29 11:36:39.869,30.9,84.2,552.0,119.0,226.0
2026-08-29 11:36:45.071,30.9,84.2,1233.0,335.0,500.0
2026-08-29 11:36:50.395,30.9,84.2,884.0,35.0,225.0
2026-08-29 11:36:55.720,30.9,84.2,842.0,277.0,410.0
2026-08-29 11:37:00.944,30.9,84.2,533.0,89.0,198.0
2026-08-29 11:37:06.078,30.9,84.2,553.0,123.0,229.0
2026-08-29 12:17:34.910,30.3,81.3,703.0,367.0,454.0
2026-08-29 12:17:40.145,30.6,85.6,716.0,333.0,430.0
2026-08-29 12:17:45.303,30.6,85.4,743.0,317.0,422.0
2026-08-29 12:17:50.554,30.6,85.4,735.0,307.0,413.0
2026-08-29 12:17:55.748,30.6,85.2,742.0,287.0,398.0
2026-08-29 12:18:00.992,30.6,85.2,732.0,274.0,386.0
2026-08-29 12:18:06.316,30.6,85.2,741.0,281.0,393.0
2026-08-29 12:18:11.604,30.6,85.2,741.0,267.0,382.0
2026-08-29 12:18:16.753,30.7,85.2,732.0,269.0,382.0
2026-08-29 12:18:22.004,30.7,85.0,735.0,262.0,377.0
2026-08-29 12:18:27.139,30.7,85.0,740.0,245.0,364.0
2026-08-29 12:18:32.281,30.7,85.0,742.0,238.0,359.0
2026-08-29 12:18:37.430,30.7,84.8,739.0,231.0,353.0
2026-08-29 12:18:42.588,30.7,84.8,733.0,228.0,349.0
2026-08-29 12:18:47.728,30.7,84.8,711.0,215.0,334.0
2026-08-29 12:18:52.863,30.7,84.8,735.0,228.0,349.0
2026-08-29 12:18:58.030,30.7,84.8,734.0,220.0,343.0
2026-08-29 12:19:03.191,30.7,84.8,733.0,217.0,340.0
2026-08-29 12:19:08.351,30.7,84.8,737.0,213.0,338.0
2026-08-29 12:19:13.526,30.7,84.8,731.0,213.0,337.0
2026-08-29 12:19:20.163,30.7,84.8,734.0,211.0,336.0
2026-08-29 12:19:25.986,30.7,84.8,735.0,205.0,331.0
2026-08-29 12:19:31.206,30.7,84.8,726.0,200.0,325.0
2026-08-29 12:19:36.430,30.7,84.8,731.0,203.0,329.0
2026-08-29 12:19:41.650,30.7,84.8,731.0,199.0,325.0
2026-08-29 12:19:46.872,30.7,84.8,734.0,209.0,334.0
2026-08-29 12:19:52.025,30.7,84.7,713.0,182.0,308.0
2026-08-29 12:19:57.176,30.7,84.7,731.0,189.0,317.0
2026-08-29 12:20:02.335,30.7,84.7,733.0,187.0,316.0
2026-08-29 12:20:07.473,30.7,84.8,735.0,189.0,318.0
2026-08-29 12:20:12.679,30.7,84.8,734.0,189.0,318.0
2026-08-29 12:20:17.834,30.7,84.8,713.0,182.0,308.0
2026-08-29 12:20:23.021,30.7,84.8,732.0,184.0,314.0
2026-08-29 12:20:28.174,30.7,84.8,733.0,184.0,314.0
2026-08-29 12:20:33.362,30.7,84.8,735.0,278.0,389.0
2026-08-29 12:20:38.690,30.7,84.7,733.0,223.0,345.0
2026-08-29 12:20:43.910,30.7,84.7,735.0,222.0,345.0
2026-08-29 12:20:49.133,30.7,84.7,733.0,219.0,342.0
2026-08-29 12:20:54.285,30.7,84.7,734.0,219.0,342.0
2026-08-29 12:20:59.419,30.7,84.7,733.0,230.0,351.0
2026-08-29 12:21:04.575,30.7,84.7,733.0,243.0,361.0
2026-08-29 12:21:09.825,30.8,84.6,735.0,228.0,349.0
2026-08-29 12:21:14.971,30.7,84.7,729.0,230.0,350.0
2026-08-29 12:21:20.162,30.8,84.6,735.0,231.0,352.0
2026-08-29 12:21:25.385,30.7,84.7,731.0,225.0,346.0
2026-08-29 12:21:30.523,30.8,84.6,699.0,219.0,335.0
2026-08-29 12:21:39.154,30.7,84.7,745.0,218.0,343.0
2026-08-29 12:21:44.335,30.8,84.4,732.0,227.0,348.0
2026-08-29 12:21:49.493,30.8,84.6,732.0,227.0,348.0
2026-08-29 12:21:54.656,30.8,84.6,729.0,226.0,347.0
2026-08-29 12:21:59.921,30.7,84.5,728.0,222.0,343.0
2026-08-29 12:22:05.086,30.7,84.5,728.0,215.0,338.0
2026-08-29 12:22:10.340,30.8,84.4,726.0,223.0,344.0
2026-08-29 12:22:15.560,30.7,84.7,726.0,221.0,342.0
2026-08-29 12:22:20.696,30.7,84.7,729.0,227.0,347.0
2026-08-29 12:22:25.847,30.7,84.5,729.0,220.0,342.0
2026-08-29 12:22:31.022,30.7,84.7,730.0,222.0,344.0
2026-08-29 12:22:36.244,30.7,84.7,729.0,221.0,343.0
2026-08-29 12:22:41.392,30.7,84.7,727.0,235.0,353.0
2026-08-29 12:22:46.549,30.7,84.7,731.0,223.0,345.0
2026-08-29 12:22:51.705,30.7,84.7,731.0,221.0,343.0
2026-08-29 12:22:56.866,30.8,84.6,733.0,219.0,342.0
2026-08-29 12:23:02.017,30.7,84.7,729.0,223.0,344.0
2026-08-29 12:23:07.251,30.7,84.7,731.0,221.0,343.0
2026-08-29 12:23:12.459,30.7,84.5,733.0,219.0,342.0
2026-08-29 12:23:17.619,30.7,84.7,725.0,219.0,340.0
2026-08-29 12:23:22.841,30.7,84.7,731.0,221.0,343.0
2026-08-29 12:23:28.024,30.8,84.6,730.0,233.0,352.0
2026-08-29 12:23:33.165,30.7,84.7,725.0,207.0,331.0
2026-08-29 12:23:38.307,30.7,84.7,731.0,217.0,340.0
2026-08-29 12:23:43.456,30.7,84.5,729.0,228.0,348.0
2026-08-29 12:23:48.746,30.7,84.7,697.0,209.0,327.0
2026-08-29 12:23:53.955,30.7,84.7,727.0,217.0,339.0
2026-08-29 12:23:59.094,30.7,84.7,731.0,217.0,340.0
2026-08-29 12:24:04.307,30.7,84.7,731.0,216.0,339.0
2026-08-29 12:24:09.457,30.7,84.7,726.0,223.0,344.0
2026-08-29 12:24:14.601,30.7,84.7,731.0,215.0,338.0
2026-08-29 12:24:19.774,30.7,84.7,731.0,214.0,337.0
2026-08-29 12:24:24.993,30.7,84.8,729.0,213.0,336.0
2026-08-29 12:24:30.123,30.7,84.8,728.0,213.0,336.0
2026-08-29 12:24:35.261,30.6,84.8,731.0,216.0,339.0
2026-08-29 12:24:40.394,30.7,84.8,703.0,205.0,325.0
2026-08-29 12:24:45.561,30.7,84.8,731.0,215.0,338.0
2026-08-29 12:24:50.905,30.6,84.8,730.0,215.0,338.0
2026-08-29 12:24:56.124,30.6,84.8,734.0,213.0,337.0
2026-08-29 12:25:01.257,30.6,84.8,731.0,229.0,349.0
2026-08-29 12:25:06.501,30.6,84.8,733.0,218.0,341.0
2026-08-29 12:25:11.685,30.6,84.8,733.0,218.0,341.0
2026-08-29 12:25:16.824,30.6,84.8,727.0,211.0,334.0
2026-08-29 12:25:21.959,30.6,84.8,732.0,231.0,351.0
2026-08-29 12:25:27.095,30.7,84.8,725.0,157.0,291.0
2026-08-29 12:25:32.279,30.6,84.8,727.0,156.0,290.0
2026-08-29 12:25:37.492,30.7,84.8,719.0,154.0,287.0
2026-08-29 12:25:42.628,30.6,84.8,728.0,153.0,288.0
2026-08-29 12:25:47.833,30.6,84.8,729.0,153.0,288.0
2026-08-29 12:25:53.068,30.6,85.0,877.0,149.0,315.0
2026-08-29 12:25:58.223,30.6,84.8,731.0,155.0,290.0
2026-08-29 12:26:03.400,30.6,84.8,728.0,167.0,299.0
2026-08-29 12:26:08.534,30.6,84.8,723.0,153.0,287.0
2026-08-29 12:26:13.677,30.6,84.8,728.0,154.0,289.0
2026-08-29 12:26:18.822,30.6,84.8,727.0,154.0,289.0
2026-08-29 12:26:24.185,30.7,84.8,712.0,151.0,283.0
2026-08-29 12:26:29.341,30.6,84.8,781.0,148.0,295.0
2026-08-29 12:26:34.525,30.6,84.8,728.0,164.0,297.0
2026-08-29 12:26:39.749,30.6,84.8,730.0,155.0,290.0
2026-08-29 12:26:44.915,30.6,84.8,728.0,154.0,289.0
2026-08-29 12:26:50.060,30.6,84.8,729.0,154.0,289.0
2026-08-29 12:26:55.214,30.7,84.8,727.0,152.0,287.0
2026-08-29 12:27:00.431,30.7,84.8,728.0,167.0,299.0
2026-08-29 12:27:05.570,30.7,84.8,732.0,155.0,290.0
2026-08-29 12:27:10.714,30.7,84.8,730.0,155.0,290.0
2026-08-29 12:27:15.854,30.7,84.8,755.0,153.0,293.0
2026-08-29 12:27:20.996,30.7,84.8,731.0,155.0,290.0
2026-08-29 12:27:26.140,30.7,84.7,731.0,155.0,290.0
2026-08-29 12:27:31.361,30.7,84.8,735.0,153.0,289.0
2026-08-29 12:27:36.523,30.7,84.8,894.0,147.0,316.0
2026-08-29 12:27:41.667,30.7,84.8,733.0,153.0,289.0
2026-08-29 12:27:46.922,30.6,84.8,729.0,159.0,293.0
2026-08-29 12:27:52.061,30.7,84.8,699.0,146.0,277.0
2026-08-29 12:27:57.199,30.7,84.8,732.0,153.0,289.0
2026-08-29 12:28:02.341,30.7,84.8,725.0,153.0,287.0
2026-08-29 12:28:07.607,30.6,84.8,731.0,152.0,288.0
2026-08-29 12:28:12.753,30.6,84.8,729.0,151.0,287.0
2026-08-29 12:28:17.893,30.6,84.8,729.0,154.0,289.0
2026-08-29 12:28:23.030,30.6,84.8,739.0,152.0,289.0
2026-08-29 12:28:28.189,30.6,84.8,733.0,151.0,287.0
2026-08-29 12:28:33.530,30.6,84.8,709.0,141.0,275.0
2026-08-29 12:28:38.687,30.7,84.8,760.0,151.0,293.0
2026-08-29 12:28:43.823,30.6,84.8,731.0,151.0,287.0
2026-08-29 12:28:48.976,30.7,84.8,734.0,149.0,286.0
2026-08-29 12:28:54.121,30.7,84.8,730.0,149.0,285.0
2026-08-29 12:28:59.265,30.7,84.8,730.0,150.0,286.0
2026-08-29 12:29:04.479,30.7,84.8,732.0,151.0,287.0
2026-08-29 12:29:09.750,30.7,84.8,732.0,150.0,286.0
2026-08-29 12:29:14.987,30.7,84.8,702.0,141.0,273.0
2026-08-29 12:29:20.626,30.7,84.8,728.0,151.0,286.0
2026-08-29 12:29:26.668,30.7,84.8,729.0,153.0,288.0
2026-08-29 12:32:34.988,30.2,81.9,755.0,140.0,283.0
2026-08-29 12:32:40.124,30.3,86.5,760.0,176.0,313.0
2026-08-29 12:32:45.324,30.4,86.3,755.0,183.0,317.0
2026-08-29 12:34:08.334,30.4,86.3,216.0,0.0,63.0
2026-08-29 12:34:13.688,30.6,85.4,213.0,0.0,63.0
2026-08-29 12:34:18.938,30.6,85.4,207.0,0.0,61.0
2026-08-29 12:34:24.232,30.6,85.2,178.0,0.0,56.0
2026-08-29 12:34:29.559,30.6,85.2,210.0,0.0,62.0
2026-08-29 12:34:34.820,30.6,85.0,207.0,0.0,61.0
2026-08-29 12:34:40.117,30.6,85.0,209.0,0.0,62.0
2026-08-29 12:34:46.154,30.7,85.0,198.0,0.0,60.0
2026-08-29 12:34:51.610,30.7,84.8,201.0,0.0,60.0
2026-08-29 12:34:56.882,30.6,85.0,198.0,0.0,60.0
2026-08-29 12:35:02.225,30.6,85.0,201.0,0.0,60.0
2026-08-29 12:35:07.548,30.7,84.8,194.0,0.0,59.0
2026-08-29 12:35:12.894,30.7,84.8,177.0,0.0,55.0
2026-08-29 12:35:18.198,30.7,84.8,197.0,0.0,59.0
2026-08-29 12:35:23.456,30.7,84.8,198.0,0.0,60.0
2026-08-29 12:35:28.954,30.7,84.8,173.0,0.0,55.0
2026-08-29 12:35:34.279,30.7,84.8,201.0,0.0,60.0
2026-08-29 12:35:39.603,30.7,84.7,199.0,0.0,60.0
2026-08-29 12:35:44.847,30.7,84.7,201.0,0.0,60.0
2026-08-29 12:35:50.145,30.7,84.8,200.0,0.0,60.0
2026-08-29 12:35:55.409,30.7,84.8,199.0,0.0,60.0
2026-08-29 12:36:00.693,30.7,84.7,199.0,0.0,60.0
2026-08-29 12:36:05.941,30.7,84.7,200.0,0.0,60.0
2026-08-29 12:36:11.186,30.7,84.7,202.0,0.0,60.0
2026-08-29 12:36:16.429,30.7,84.7,199.0,0.0,60.0
2026-08-29 12:36:21.791,30.7,84.7,198.0,0.0,60.0
2026-08-29 12:36:27.025,30.7,84.7,195.0,0.0,59.0
2026-08-29 12:36:32.261,30.7,84.7,197.0,1.0,60.0
2026-08-29 12:36:37.560,30.8,84.6,197.0,0.0,59.0
2026-08-29 12:36:42.792,30.8,84.6,197.0,0.0,59.0
2026-08-29 12:36:48.032,30.8,84.6,196.0,0.0,59.0
2026-08-29 12:36:53.275,30.8,84.6,200.0,0.0,60.0
2026-08-29 12:36:58.518,30.8,84.6,195.0,0.0,59.0
2026-08-29 12:37:03.876,30.8,84.6,200.0,0.0,60.0
2026-08-29 12:37:09.201,30.8,84.6,198.0,0.0,60.0
2026-08-29 12:37:14.546,30.8,84.4,199.0,0.0,60.0
2026-08-29 12:37:19.950,30.8,84.4,200.0,0.0,60.0
2026-08-29 12:37:25.272,30.8,84.4,198.0,0.0,60.0
2026-08-29 12:37:30.921,30.8,84.4,199.0,0.0,60.0
2026-08-29 12:37:36.342,30.8,84.4,198.0,0.0,60.0
2026-08-29 12:37:41.801,30.8,84.4,199.0,0.0,60.0
2026-08-29 12:37:47.195,30.8,84.2,197.0,0.0,59.0
2026-08-29 12:37:52.522,30.8,84.2,184.0,0.0,57.0
2026-08-29 12:37:57.847,30.8,84.2,193.0,0.0,59.0
2026-08-29 12:38:03.292,30.8,84.2,191.0,0.0,58.0
2026-08-29 12:38:08.641,30.8,84.2,174.0,0.0,55.0
2026-08-29 12:38:14.019,30.8,84.2,199.0,0.0,60.0
2026-08-29 12:38:19.475,30.8,84.2,185.0,0.0,57.0
2026-08-29 12:38:24.835,30.8,84.2,170.0,0.0,54.0
2026-08-29 12:38:30.197,30.8,84.2,197.0,0.0,59.0
2026-08-29 12:38:35.437,30.8,84.4,196.0,0.0,59.0
2026-08-29 12:38:40.681,30.8,84.4,197.0,0.0,59.0
2026-08-29 12:38:45.918,30.8,84.4,196.0,0.0,59.0
2026-08-29 12:38:51.192,30.8,84.2,195.0,0.0,59.0
2026-08-29 12:38:56.521,30.8,84.2,198.0,0.0,60.0
2026-08-29 12:39:01.839,30.8,84.2,197.0,0.0,59.0
2026-08-29 12:39:07.080,30.8,84.2,197.0,0.0,59.0
2026-08-29 12:39:12.387,30.8,84.4,191.0,0.0,58.0
2026-08-29 12:39:17.637,30.8,84.4,198.0,0.0,60.0
2026-08-29 12:39:22.934,30.8,84.4,198.0,0.0,60.0
2026-08-29 12:39:28.259,30.8,84.4,166.0,0.0,53.0
2026-08-29 12:39:33.584,30.8,84.4,183.0,0.0,57.0
2026-08-29 12:39:38.904,30.8,84.4,195.0,0.0,59.0
2026-08-29 12:39:44.144,30.8,84.4,190.0,0.0,58.0
2026-08-29 12:39:54.825,30.8,84.4,184.0,0.0,57.0
2026-08-29 12:40:00.102,30.8,84.4,193.0,0.0,59.0
2026-08-29 12:40:05.343,30.8,84.6,194.0,0.0,59.0
2026-08-29 12:40:10.654,30.8,84.4,195.0,0.0,59.0
2026-08-29 12:40:15.895,30.8,84.4,194.0,0.0,59.0
2026-08-29 12:40:21.132,30.8,84.4,196.0,0.0,59.0
2026-08-29 12:40:26.419,30.8,84.4,191.0,0.0,58.0
2026-08-29 12:40:31.658,30.8,84.4,195.0,0.0,59.0
2026-08-29 12:40:36.968,30.8,84.4,197.0,0.0,59.0
2026-08-29 12:40:42.229,30.8,84.4,176.0,0.0,55.0
2026-08-29 12:40:47.518,30.8,84.4,195.0,0.0,59.0
2026-08-29 12:40:52.840,30.8,84.4,196.0,0.0,59.0
2026-08-29 12:40:58.086,30.8,84.4,198.0,0.0,60.0
2026-08-29 12:41:03.387,30.8,84.4,197.0,0.0,59.0
2026-08-29 12:41:08.707,30.8,84.4,197.0,0.0,59.0
2026-08-29 12:41:13.948,30.8,84.4,197.0,0.0,59.0
2026-08-29 12:41:19.380,30.8,84.4,198.0,0.0,60.0
2026-08-29 12:41:24.684,30.8,84.4,179.0,0.0,56.0
2026-08-29 12:41:29.956,30.8,84.4,193.0,0.0,59.0
2026-08-29 12:41:35.252,30.8,84.4,194.0,0.0,59.0
2026-08-29 12:41:40.488,30.8,84.4,195.0,0.0,59.0
2026-08-29 12:41:45.780,30.8,84.6,191.0,0.0,58.0
2026-08-29 12:41:51.045,30.7,84.7,197.0,0.0,59.0
2026-08-29 12:41:56.327,30.7,84.7,195.0,0.0,59.0
2026-08-29 12:42:01.651,30.7,84.7,178.0,0.0,56.0
2026-08-29 12:42:07.017,30.7,84.7,158.0,0.0,52.0
2026-08-29 12:42:12.465,30.7,84.7,185.0,0.0,57.0
2026-08-29 12:42:18.448,30.7,84.7,192.0,0.0,58.0
2026-08-29 12:42:24.076,30.7,84.7,187.0,0.0,57.0
2026-08-29 12:42:29.439,30.7,84.7,161.0,0.0,52.0
2026-08-29 12:42:34.775,30.7,84.7,181.0,0.0,56.0
2026-08-29 12:42:40.119,30.7,84.7,189.0,0.0,58.0
2026-08-29 12:42:45.528,30.7,84.7,180.0,0.0,56.0
2026-08-29 12:42:50.840,30.7,84.7,185.0,0.0,57.0
2026-08-29 12:42:56.150,30.7,84.7,184.0,0.0,57.0
2026-08-29 12:43:01.500,30.7,84.7,184.0,0.0,57.0
2026-08-29 12:43:06.779,30.7,84.7,176.0,0.0,55.0
2026-08-29 12:43:12.357,30.7,84.7,159.0,0.0,52.0
2026-08-29 12:43:17.758,30.7,84.7,174.0,0.0,55.0
2026-08-29 12:43:23.061,30.7,84.7,184.0,0.0,57.0
2026-08-29 12:43:28.379,30.7,84.7,187.0,0.0,57.0
2026-08-29 12:43:33.643,30.8,84.6,183.0,0.0,57.0
2026-08-29 12:43:38.971,30.8,84.6,188.0,0.0,58.0
2026-08-29 12:43:44.371,30.8,84.6,159.0,0.0,52.0
2026-08-29 12:43:49.685,30.7,84.7,184.0,0.0,57.0
2026-08-29 12:43:54.952,30.7,84.7,186.0,0.0,57.0
2026-08-29 12:44:00.299,30.7,84.7,157.0,0.0,51.0
2026-08-29 12:44:05.752,30.7,84.7,182.0,0.0,56.0
2026-08-29 12:44:11.049,30.7,84.7,184.0,0.0,57.0
2026-08-29 12:44:16.542,30.7,84.7,155.0,0.0,51.0
2026-08-29 12:44:21.987,30.7,84.8,184.0,0.0,57.0
2026-08-29 12:44:27.396,30.7,84.8,176.0,0.0,55.0
2026-08-29 12:44:32.794,30.7,84.8,184.0,0.0,57.0
2026-08-29 12:44:38.051,30.6,84.8,180.0,0.0,56.0
2026-08-29 12:44:43.320,30.6,84.8,186.0,0.0,57.0
2026-08-29 12:44:48.876,30.6,84.8,183.0,0.0,57.0
2026-08-29 12:44:54.296,30.6,84.8,188.0,0.0,58.0
2026-08-29 12:44:59.681,30.6,85.0,161.0,0.0,52.0
2026-08-29 12:45:05.220,30.6,85.0,158.0,0.0,52.0
2026-08-29 12:45:10.528,30.6,85.0,189.0,0.0,58.0
2026-08-29 12:45:15.886,30.6,85.0,188.0,0.0,58.0
2026-08-29 12:45:21.193,30.6,85.0,189.0,0.0,58.0
2026-08-29 12:45:26.871,30.6,85.0,185.0,0.0,57.0
2026-08-29 12:45:32.449,30.6,85.0,187.0,0.0,57.0
2026-08-29 12:45:37.871,30.6,85.0,184.0,0.0,57.0
2026-08-29 12:45:43.267,30.6,85.0,173.0,0.0,55.0
2026-08-29 12:45:48.853,30.6,85.0,190.0,0.0,58.0
2026-08-29 12:45:54.257,30.6,85.0,192.0,0.0,58.0
2026-08-29 12:45:59.554,30.6,85.0,167.0,0.0,53.0
2026-08-29 12:46:04.863,30.6,85.0,191.0,0.0,58.0
2026-08-29 12:46:10.176,30.6,85.0,194.0,0.0,59.0
2026-08-29 12:46:15.661,30.6,85.0,197.0,0.0,59.0
2026-08-29 12:46:21.061,30.6,85.2,174.0,0.0,55.0
2026-08-29 12:46:29.079,30.6,85.2,195.0,0.0,59.0
2026-08-29 12:46:34.554,30.6,85.2,192.0,0.0,58.0
2026-08-29 12:46:41.740,30.6,85.2,159.0,0.0,52.0
2026-08-29 12:46:52.418,30.6,85.2,195.0,0.0,59.0
2026-08-29 12:47:00.415,30.5,85.2,143.0,0.0,49.0
2026-08-29 12:47:05.730,30.6,85.2,180.0,0.0,56.0
2026-08-29 12:47:11.000,30.6,85.4,189.0,0.0,58.0
2026-08-29 12:47:16.764,30.7,85.2,155.0,0.0,51.0
2026-08-29 12:47:25.379,30.6,85.2,178.0,0.0,56.0
2026-08-29 12:47:31.143,30.6,85.2,193.0,0.0,59.0
2026-08-29 12:47:36.661,30.6,85.2,187.0,0.0,57.0
2026-08-29 12:47:42.694,30.6,85.2,193.0,0.0,59.0
2026-08-29 12:47:49.868,30.6,85.2,192.0,0.0,58.0
2026-08-29 12:47:55.159,30.6,85.2,190.0,0.0,58.0
2026-08-29 12:48:00.978,30.6,85.2,193.0,0.0,59.0
2026-08-29 12:48:08.342,30.6,85.2,194.0,0.0,59.0
2026-08-29 12:48:14.416,30.6,85.2,191.0,0.0,58.0
2026-08-29 12:48:23.193,30.6,85.2,187.0,0.0,57.0
2026-08-29 12:48:28.863,30.6,85.2,190.0,0.0,58.0
2026-08-29 12:48:34.525,30.6,85.2,187.0,0.0,57.0
2026-08-29 12:48:39.952,30.7,85.2,192.0,0.0,58.0
2026-08-29 12:48:45.316,30.8,85.1,152.0,0.0,50.0
2026-08-29 12:48:50.684,30.7,85.0,192.0,0.0,58.0
2026-08-29 12:48:56.070,30.7,85.0,190.0,0.0,58.0
2026-08-29 12:49:01.338,30.7,85.0,193.0,0.0,59.0
2026-08-29 12:49:06.588,30.7,85.0,196.0,0.0,59.0
2026-08-29 12:49:11.938,30.7,85.0,196.0,0.0,59.0
2026-08-29 12:49:17.263,30.7,85.0,172.0,0.0,54.0
2026-08-29 12:49:22.497,30.7,85.0,196.0,0.0,59.0
2026-08-29 12:49:27.740,30.7,85.0,196.0,0.0,59.0
2026-08-29 12:49:32.977,30.7,85.0,196.0,0.0,59.0
2026-08-29 12:49:38.217,30.7,85.0,195.0,0.0,59.0
2026-08-29 12:49:43.582,30.7,85.2,169.0,0.0,54.0
2026-08-29 12:49:48.822,30.7,85.0,200.0,0.0,60.0
2026-08-29 12:49:54.127,30.8,84.9,197.0,0.0,59.0
2026-08-29 12:49:59.370,30.8,84.7,197.0,0.0,59.0
2026-08-29 12:50:04.675,30.8,84.7,200.0,0.0,60.0
2026-08-29 12:50:09.998,30.8,84.7,198.0,0.0,60.0
2026-08-29 12:50:15.245,30.8,84.7,198.0,0.0,60.0
2026-08-29 12:50:20.555,30.8,84.7,202.0,0.0,60.0
2026-08-29 12:50:25.790,30.8,84.7,203.0,0.0,61.0
2026-08-29 12:50:31.121,30.8,84.7,204.0,0.0,61.0
2026-08-29 12:50:36.364,30.8,84.7,201.0,0.0,60.0
2026-08-29 12:50:41.608,30.8,84.7,203.0,0.0,61.0
2026-08-29 12:50:46.850,30.8,84.7,201.0,0.0,60.0
2026-08-29 12:50:52.185,30.8,84.7,202.0,0.0,60.0
2026-08-29 12:50:57.434,30.8,84.7,204.0,0.0,61.0
2026-08-29 12:51:02.680,30.8,84.7,203.0,0.0,61.0
2026-08-29 12:51:07.956,30.8,84.7,202.0,0.0,60.0
2026-08-29 12:51:13.202,30.8,84.7,205.0,0.0,61.0
2026-08-29 12:51:18.502,30.8,84.7,198.0,0.0,60.0
2026-08-29 12:51:23.744,30.8,84.7,205.0,0.0,61.0
2026-08-29 12:51:29.154,30.8,84.7,202.0,0.0,60.0
2026-08-29 12:51:34.445,30.8,84.7,198.0,0.0,60.0
2026-08-29 12:51:39.700,30.8,84.7,204.0,0.0,61.0
2026-08-29 12:51:45.023,30.8,84.7,202.0,0.0,60.0
2026-08-29 12:51:50.287,30.8,84.7,210.0,0.0,62.0
2026-08-29 12:51:55.573,30.8,84.7,211.0,0.0,62.0
2026-08-29 12:52:00.899,30.8,84.7,210.0,0.0,62.0
2026-08-29 12:52:06.138,30.9,84.7,207.0,0.0,61.0
2026-08-29 12:52:11.384,30.8,84.7,202.0,0.0,60.0
2026-08-29 12:52:37.453,30.8,84.7,211.0,101.0,143.0
2026-08-29 12:52:42.687,30.8,85.1,214.0,101.0,144.0
2026-08-29 12:52:47.999,30.9,84.9,205.0,101.0,142.0
2026-08-29 12:52:53.327,30.9,84.9,208.0,101.0,142.0
2026-08-29 12:52:58.650,30.8,84.9,204.0,102.0,142.0
2026-08-29 12:53:03.894,30.9,84.7,202.0,97.0,138.0
2026-08-29 12:53:09.150,30.9,84.9,206.0,102.0,143.0
2026-08-29 12:53:14.396,30.8,84.9,204.0,103.0,143.0
2026-08-29 12:53:19.627,30.9,84.9,203.0,102.0,142.0
2026-08-29 12:53:24.868,30.9,84.9,206.0,103.0,144.0
2026-08-29 12:53:30.189,30.9,84.9,203.0,102.0,142.0
2026-08-29 12:53:35.430,30.9,84.9,202.0,103.0,143.0
2026-08-29 12:53:40.736,30.9,84.9,205.0,101.0,142.0
2026-08-29 12:53:46.060,30.9,84.9,205.0,98.0,139.0
2026-08-29 12:53:51.383,30.9,84.9,208.0,96.0,138.0
2026-08-29 12:53:56.621,30.9,84.9,201.0,101.0,141.0
2026-08-29 12:54:01.930,30.9,84.9,203.0,102.0,142.0
2026-08-29 12:54:07.256,30.9,84.9,204.0,101.0,142.0
2026-08-29 12:54:12.579,30.9,84.9,201.0,101.0,141.0
2026-08-29 12:54:17.819,30.9,84.9,204.0,101.0,142.0
2026-08-29 12:54:23.051,30.9,85.1,206.0,101.0,142.0
2026-08-29 12:54:28.353,30.9,85.1,207.0,101.0,142.0
2026-08-29 12:54:33.595,30.9,85.1,207.0,102.0,143.0
2026-08-29 12:54:38.897,30.9,85.1,203.0,102.0,142.0
2026-08-29 12:54:44.225,30.9,85.1,207.0,102.0,143.0
2026-08-29 12:54:49.545,30.8,85.1,208.0,102.0,143.0
2026-08-29 12:54:54.872,30.9,85.1,207.0,98.0,140.0
2026-08-29 12:55:00.116,30.9,85.1,206.0,102.0,143.0
2026-08-29 12:55:05.359,30.9,85.1,204.0,111.0,150.0
2026-08-29 12:55:13.611,30.9,85.1,192.0,112.0,148.0
2026-08-29 12:55:18.857,30.9,85.1,204.0,117.0,154.0
2026-08-29 12:55:24.100,30.9,85.1,201.0,106.0,145.0
2026-08-29 12:55:29.339,30.9,85.1,199.0,108.0,146.0
2026-08-29 12:55:34.582,30.9,85.1,202.0,108.0,147.0
2026-08-29 12:55:39.836,30.9,85.1,203.0,106.0,145.0
2026-08-29 12:55:45.081,30.9,85.1,204.0,106.0,146.0
2026-08-29 12:55:50.375,30.9,85.1,205.0,109.0,148.0
2026-08-29 12:55:55.618,30.9,85.1,205.0,107.0,147.0
2026-08-29 12:56:00.856,30.9,85.1,205.0,107.0,147.0
2026-08-29 12:56:06.098,30.9,85.1,207.0,108.0,148.0
2026-08-29 12:56:11.356,30.9,85.1,174.0,101.0,136.0
2026-08-29 12:56:16.690,30.9,85.1,209.0,107.0,147.0
2026-08-29 12:56:22.015,30.9,85.1,208.0,106.0,146.0
2026-08-29 12:56:27.328,30.9,85.1,204.0,107.0,146.0
2026-08-29 12:56:32.594,30.9,85.1,209.0,105.0,146.0
2026-08-29 12:56:37.855,30.9,85.1,187.0,104.0,141.0
2026-08-29 12:56:43.215,30.9,84.9,210.0,105.0,146.0
2026-08-29 12:56:48.564,30.9,85.3,211.0,107.0,148.0
2026-08-29 12:56:53.879,30.9,85.1,210.0,107.0,148.0
2026-08-29 12:56:59.187,30.9,85.1,208.0,107.0,147.0
2026-08-29 12:57:04.435,30.9,85.1,209.0,106.0,147.0
2026-08-29 12:57:09.743,30.9,85.1,206.0,109.0,148.0
2026-08-29 12:57:14.981,30.9,85.1,215.0,106.0,148.0
2026-08-29 12:57:20.225,30.9,85.1,167.0,101.0,134.0
2026-08-29 12:57:25.467,30.8,85.1,208.0,106.0,146.0
2026-08-29 12:57:30.830,30.8,85.3,209.0,106.0,147.0
2026-08-29 12:57:36.063,30.8,85.3,211.0,106.0,147.0
2026-08-29 12:57:41.303,30.8,85.3,210.0,107.0,148.0
2026-08-29 12:57:46.552,30.8,85.3,199.0,102.0,141.0
2026-08-29 12:57:51.819,30.8,85.3,210.0,107.0,148.0
2026-08-29 12:57:57.054,30.8,85.3,211.0,106.0,147.0
2026-08-29 12:58:02.362,30.8,85.3,214.0,107.0,148.0
2026-08-29 12:58:07.691,30.8,85.3,212.0,107.0,148.0
2026-08-29 12:58:13.014,30.8,85.3,212.0,105.0,146.0
2026-08-29 12:58:18.347,30.8,85.5,211.0,105.0,146.0
2026-08-29 12:58:23.669,30.8,85.5,209.0,106.0,147.0
2026-08-29 12:58:28.995,30.8,85.5,210.0,102.0,144.0
2026-08-29 12:58:34.379,30.8,85.5,204.0,105.0,145.0
2026-08-29 12:58:39.871,30.8,85.5,208.0,106.0,146.0
2026-08-29 12:58:45.169,30.8,85.5,203.0,99.0,140.0
2026-08-29 12:58:50.412,30.8,85.5,212.0,106.0,147.0
2026-08-29 12:58:55.718,30.8,85.5,211.0,107.0,148.0
2026-08-29 12:59:00.960,30.8,85.5,210.0,107.0,148.0
2026-08-29 12:59:06.264,30.8,85.5,206.0,107.0,147.0
2026-08-29 12:59:11.687,30.8,85.7,169.0,105.0,138.0
2026-08-29 12:59:16.923,30.8,85.7,207.0,106.0,146.0
2026-08-29 12:59:22.165,30.8,85.7,211.0,105.0,146.0
2026-08-29 12:59:27.459,30.8,85.7,207.0,106.0,146.0
2026-08-29 12:59:32.690,30.8,85.7,206.0,106.0,146.0
2026-08-29 12:59:37.933,30.8,85.7,207.0,106.0,146.0
2026-08-29 12:59:43.196,30.8,85.7,207.0,107.0,147.0
2026-08-29 12:59:48.440,30.8,85.7,207.0,106.0,146.0
2026-08-29 12:59:53.689,30.8,85.9,210.0,107.0,148.0
2026-08-29 12:59:59.000,30.8,85.9,209.0,102.0,143.0
2026-08-29 13:00:04.234,30.8,85.9,210.0,104.0,145.0
2026-08-29 13:00:09.479,30.8,85.9,210.0,104.0,145.0
2026-08-29 13:00:14.768,30.8,85.9,209.0,105.0,146.0
2026-08-29 13:00:20.003,30.8,85.9,210.0,106.0,147.0
2026-08-29 13:00:25.240,30.8,85.9,209.0,105.0,146.0
2026-08-29 13:00:30.483,30.8,85.9,209.0,105.0,146.0
2026-08-29 13:00:35.875,30.8,85.7,212.0,106.0,147.0
2026-08-29 13:00:41.114,30.8,85.7,212.0,105.0,146.0
2026-08-29 13:00:46.410,30.8,85.9,199.0,100.0,140.0
2026-08-29 13:00:51.644,30.8,85.9,211.0,105.0,146.0
2026-08-29 13:00:56.893,30.8,85.9,211.0,107.0,148.0
2026-08-29 13:01:02.135,30.8,85.9,207.0,106.0,146.0
2026-08-29 13:01:07.405,30.8,85.9,208.0,105.0,146.0
2026-08-29 13:01:12.651,30.8,86.1,210.0,106.0,147.0
2026-08-29 13:01:17.969,30.8,86.1,206.0,103.0,144.0
2026-08-29 13:01:23.377,30.8,86.1,213.0,108.0,149.0
2026-08-29 13:01:28.620,30.8,86.1,209.0,110.0,150.0
2026-08-29 13:01:33.865,30.8,86.1,169.0,110.0,142.0
2026-08-29 13:01:39.111,30.8,86.1,207.0,110.0,149.0
2026-08-29 13:01:44.354,30.8,86.1,212.0,109.0,150.0
2026-08-29 13:01:49.605,30.8,86.1,207.0,109.0,149.0
2026-08-29 13:01:54.913,30.8,86.3,211.0,109.0,149.0
2026-08-29 13:02:00.165,30.8,86.3,208.0,111.0,150.0
2026-08-29 13:02:05.412,30.8,86.3,208.0,111.0,150.0
2026-08-29 13:02:10.661,30.8,86.3,209.0,112.0,151.0
2026-08-29 13:02:15.915,30.8,86.3,212.0,111.0,151.0
2026-08-29 13:02:21.164,30.8,86.5,208.0,110.0,150.0
2026-08-29 13:02:26.428,30.8,86.3,176.0,110.0,143.0
2026-08-29 13:02:31.781,30.8,86.3,159.0,104.0,135.0
2026-08-29 13:02:37.030,30.8,86.3,204.0,111.0,150.0
2026-08-29 13:02:42.258,30.8,86.3,166.0,113.0,144.0
2026-08-29 13:02:47.549,30.8,86.3,208.0,113.0,152.0
2026-08-29 13:02:52.793,30.8,86.3,207.0,111.0,150.0
2026-08-29 13:02:58.094,30.8,86.3,205.0,112.0,151.0
2026-08-29 13:03:03.338,30.8,86.5,168.0,108.0,140.0
2026-08-29 13:03:08.646,30.8,86.5,197.0,111.0,148.0
2026-08-29 13:03:13.882,30.8,86.5,205.0,110.0,149.0
2026-08-29 13:03:19.192,30.8,86.5,204.0,112.0,150.0
2026-08-29 13:03:24.436,30.8,86.5,207.0,109.0,149.0
2026-08-29 13:03:29.740,30.8,86.5,205.0,112.0,151.0
2026-08-29 13:03:34.977,30.8,86.5,202.0,111.0,149.0
2026-08-29 13:03:40.286,30.8,86.5,206.0,112.0,151.0
2026-08-29 13:03:45.612,30.8,86.7,210.0,113.0,152.0
2026-08-29 13:03:50.872,30.8,86.7,204.0,112.0,150.0
2026-08-29 13:03:56.113,30.8,86.7,174.0,112.0,144.0
2026-08-29 13:04:01.495,30.8,86.7,290.0,113.0,168.0
2026-08-29 13:04:06.731,30.8,86.7,285.0,112.0,167.0
2026-08-29 13:04:12.130,30.8,86.7,242.0,112.0,158.0
2026-08-29 13:04:17.456,30.8,86.7,301.0,112.0,170.0
2026-08-29 13:04:22.780,30.8,87.0,283.0,110.0,165.0
2026-08-29 13:04:28.034,30.8,87.0,286.0,113.0,168.0
2026-08-29 13:04:33.295,30.8,87.0,300.0,113.0,170.0
2026-08-29 13:04:38.569,30.8,87.0,281.0,105.0,160.0
2026-08-29 13:04:43.814,30.8,87.0,281.0,114.0,167.0
2026-08-29 13:04:49.055,30.9,87.0,289.0,113.0,168.0
2026-08-29 13:04:54.296,30.9,87.0,245.0,114.0,160.0
2026-08-29 13:04:59.661,30.9,87.0,300.0,112.0,170.0
2026-08-29 13:05:04.970,30.9,87.0,223.0,106.0,149.0
2026-08-29 13:05:10.296,30.9,87.0,228.0,113.0,156.0
2026-08-29 13:05:15.545,30.9,87.0,281.0,112.0,166.0
2026-08-29 13:05:20.839,30.8,87.0,309.0,107.0,167.0
2026-08-29 13:05:26.102,30.9,87.0,246.0,113.0,160.0
2026-08-29 13:05:31.348,30.9,87.0,296.0,112.0,169.0
2026-08-29 13:05:36.595,30.8,87.0,270.0,113.0,164.0
2026-08-29 13:05:41.936,30.9,87.0,282.0,114.0,168.0
2026-08-29 13:05:47.170,30.9,87.0,308.0,109.0,169.0
2026-08-29 13:05:52.418,30.9,87.0,290.0,101.0,159.0
2026-08-29 13:05:57.664,30.9,87.0,236.0,106.0,152.0
2026-08-29 13:06:03.033,30.9,87.0,290.0,106.0,163.0
2026-08-29 13:06:08.286,30.9,87.0,279.0,108.0,162.0
2026-08-29 13:06:13.579,30.9,87.0,250.0,108.0,156.0
2026-08-29 13:06:18.901,30.9,87.0,246.0,109.0,156.0
2026-08-29 13:06:24.226,30.9,87.0,280.0,108.0,162.0
2026-08-29 13:06:29.478,30.9,87.0,279.0,106.0,161.0
2026-08-29 13:06:34.800,30.9,87.0,214.0,102.0,144.0
2026-08-29 13:06:40.200,30.9,87.0,216.0,122.0,161.0
2026-08-29 13:06:45.555,30.9,86.7,261.0,116.0,165.0
2026-08-29 13:06:51.000,30.9,86.7,198.0,121.0,156.0
2026-08-29 13:06:56.352,30.9,86.7,289.0,126.0,179.0
2026-08-29 13:07:03.782,30.9,86.7,212.0,118.0,157.0
2026-08-29 13:07:09.076,30.9,87.0,219.0,114.0,155.0
2026-08-29 13:07:18.382,30.9,87.0,201.0,121.0,157.0
2026-08-29 13:07:23.642,30.9,87.0,258.0,127.0,173.0
2026-08-29 13:07:28.900,30.9,87.0,247.0,127.0,171.0
2026-08-29 13:07:34.155,30.8,86.7,235.0,126.0,168.0
2026-08-29 13:07:39.412,30.9,86.7,255.0,129.0,174.0
2026-08-29 13:07:44.651,30.9,86.7,256.0,126.0,172.0
2026-08-29 13:07:49.932,30.8,86.7,277.0,126.0,176.0
2026-08-29 13:07:55.178,30.8,86.7,259.0,124.0,171.0
2026-08-29 13:08:00.434,30.8,86.7,216.0,121.0,160.0
2026-08-29 13:08:05.706,30.8,86.7,221.0,128.0,167.0
2026-08-29 13:08:11.030,30.8,86.7,247.0,126.0,170.0
2026-08-29 13:08:16.353,30.8,87.0,221.0,124.0,163.0
2026-08-29 13:08:21.677,30.8,86.7,230.0,129.0,169.0
2026-08-29 13:08:27.005,30.8,86.7,219.0,127.0,165.0
2026-08-29 13:08:32.246,30.8,86.7,206.0,124.0,160.0
2026-08-29 13:11:03.164,30.7,80.5,355.0,109.0,178.0
2026-08-29 13:11:08.418,30.8,84.7,246.0,114.0,160.0
2026-08-29 13:11:13.708,30.8,84.7,244.0,128.0,171.0
2026-08-29 13:11:19.032,30.7,84.8,291.0,136.0,187.0
2026-08-29 13:11:24.267,30.6,85.0,252.0,130.0,174.0
2026-08-29 13:11:29.580,30.6,85.2,223.0,129.0,168.0
2026-08-29 13:11:34.821,30.5,85.2,241.0,128.0,171.0
2026-08-29 13:11:40.061,30.5,85.4,244.0,125.0,169.0
2026-08-29 13:11:45.294,30.5,85.6,275.0,127.0,177.0
2026-08-29 13:11:50.546,30.4,85.7,250.0,135.0,178.0
2026-08-29 13:11:55.898,30.3,85.9,249.0,134.0,177.0
2026-08-29 13:12:01.147,30.3,86.1,231.0,135.0,174.0
2026-08-29 13:12:06.380,30.2,86.4,233.0,134.0,174.0
2026-08-29 13:12:11.663,30.2,86.6,231.0,134.0,173.0
2026-08-29 13:12:16.907,30.1,86.8,229.0,134.0,173.0
2026-08-29 13:12:22.220,30.1,86.8,194.0,126.0,160.0
2026-08-29 13:12:27.534,30.0,87.0,233.0,134.0,174.0
2026-08-29 13:12:32.776,30.0,87.3,232.0,131.0,171.0
2026-08-29 13:12:38.015,30.0,87.3,234.0,133.0,173.0
2026-08-29 13:12:43.305,29.9,87.6,233.0,129.0,170.0
2026-08-29 13:12:48.640,29.9,87.9,230.0,128.0,168.0
2026-08-29 13:12:53.960,29.9,88.1,232.0,132.0,172.0
2026-08-29 13:12:59.311,29.9,88.1,227.0,128.0,168.0
2026-08-29 13:13:04.604,29.9,88.4,257.0,129.0,175.0
2026-08-29 13:13:09.843,29.8,88.4,246.0,133.0,176.0
2026-08-29 13:13:15.088,29.8,88.6,240.0,129.0,171.0
2026-08-29 13:13:20.331,29.8,88.6,239.0,131.0,173.0
2026-08-29 13:13:25.592,29.8,88.9,233.0,128.0,169.0
2026-08-29 13:13:30.919,29.8,88.9,211.0,129.0,165.0
2026-08-29 13:13:36.249,29.7,89.2,237.0,129.0,171.0
2026-08-29 13:13:41.496,29.7,89.2,235.0,128.0,169.0
2026-08-29 13:13:46.741,29.7,89.2,236.0,131.0,172.0
2026-08-29 13:13:51.988,29.7,89.2,232.0,124.0,166.0
2026-08-29 13:13:57.342,29.7,89.5,231.0,123.0,165.0
2026-08-29 13:14:02.587,29.7,89.5,233.0,124.0,166.0
2026-08-29 13:14:07.883,29.6,89.5,229.0,123.0,164.0
2026-08-29 13:14:13.205,29.6,89.5,233.0,125.0,167.0
2026-08-29 13:14:18.447,29.6,89.7,233.0,125.0,167.0
2026-08-29 13:14:23.692,29.6,89.7,228.0,133.0,172.0
2026-08-29 13:14:28.976,29.6,89.7,230.0,127.0,168.0
2026-08-29 13:14:34.214,29.6,90.0,232.0,125.0,166.0
2026-08-29 13:14:39.449,29.6,90.0,220.0,139.0,175.0
2026-08-29 13:14:44.689,29.7,90.2,667.0,132.0,259.0
2026-08-29 13:14:49.935,29.8,90.5,649.0,154.0,273.0
2026-08-29 13:14:55.175,29.8,90.1,711.0,156.0,287.0
2026-08-29 13:15:00.416,29.8,90.1,751.0,156.0,295.0
2026-08-29 13:15:06.265,29.8,89.9,694.0,155.0,283.0
2026-08-29 13:15:11.504,29.8,89.9,679.0,154.0,279.0
2026-08-29 13:15:16.800,29.7,89.7,688.0,155.0,282.0
2026-08-29 13:15:22.122,29.7,89.7,690.0,155.0,282.0
2026-08-29 13:15:27.355,29.6,89.7,655.0,154.0,274.0
2026-08-29 13:15:32.597,29.6,90.0,667.0,157.0,279.0
2026-08-29 13:15:37.858,29.6,90.0,654.0,149.0,270.0
2026-08-29 13:15:43.137,29.6,90.0,634.0,157.0,272.0
2026-08-29 13:15:48.381,29.6,90.0,841.0,190.0,340.0
2026-08-29 13:15:53.669,29.5,90.2,511.0,193.0,277.0
2026-08-29 13:15:59.391,29.5,90.2,476.0,190.0,267.0
2026-08-29 13:16:04.634,29.5,90.2,542.0,190.0,280.0
2026-08-29 13:16:09.886,29.5,90.6,543.0,193.0,283.0
2026-08-29 13:16:15.161,29.4,90.7,573.0,192.0,288.0
2026-08-29 13:16:20.485,29.4,90.7,575.0,195.0,291.0
2026-08-29 13:16:25.726,29.4,90.7,527.0,193.0,280.0
2026-08-29 13:16:31.031,29.4,91.0,644.0,194.0,304.0
2026-08-29 13:16:36.267,29.4,91.0,585.0,193.0,291.0
2026-08-29 13:16:41.578,29.3,91.0,591.0,194.0,293.0
2026-08-29 13:16:46.903,29.3,91.3,598.0,193.0,294.0
2026-08-29 13:16:52.144,29.3,91.3,550.0,193.0,284.0
2026-09-02 06:57:37.214,28.2,96.8,166.0,745.0,500.0
2026-09-02 06:57:42.799,28.3,96.4,184.0,627.0,500.0
2026-09-02 06:57:48.519,28.3,96.1,185.0,721.0,500.0
2026-09-02 06:57:53.978,28.3,95.7,193.0,707.0,500.0
2026-09-02 06:57:59.275,28.4,95.7,186.0,681.0,500.0
2026-09-02 06:58:04.534,28.4,95.7,187.0,689.0,500.0
2026-09-02 06:58:09.866,28.4,95.2,185.0,672.0,500.0
2026-09-02 06:58:15.576,28.4,95.2,190.0,724.0,500.0
2026-09-02 06:58:20.985,28.4,95.2,189.0,721.0,500.0
2026-09-02 06:58:26.948,28.4,94.7,189.0,709.0,500.0
2026-09-02 06:58:32.378,28.5,94.6,188.0,711.0,500.0
2026-09-02 06:58:37.992,28.5,94.6,184.0,703.0,500.0
2026-09-02 06:58:43.227,28.5,94.6,187.0,699.0,500.0
2026-09-02 06:58:48.479,28.5,94.6,186.0,696.0,500.0
2026-09-02 06:58:54.160,28.5,94.3,189.0,695.0,500.0
2026-09-02 06:58:59.588,28.5,94.3,192.0,694.0,500.0
2026-09-02 06:59:05.057,28.5,94.3,190.0,692.0,500.0
2026-09-02 06:59:10.292,28.5,94.3,194.0,689.0,500.0
2026-09-02 06:59:16.384,28.5,94.3,160.0,684.0,500.0
2026-09-02 06:59:22.430,28.6,94.0,186.0,683.0,500.0
2026-09-02 06:59:29.181,28.6,94.0,190.0,687.0,500.0
2026-09-02 06:59:35.640,28.6,94.0,193.0,687.0,500.0
2026-09-02 06:59:41.183,28.6,94.0,164.0,670.0,500.0
2026-09-02 06:59:46.743,28.6,93.6,189.0,679.0,500.0
2026-09-02 06:59:52.658,28.6,93.6,189.0,682.0,500.0
2026-09-02 06:59:58.059,28.6,93.6,188.0,680.0,500.0
2026-09-02 07:00:03.376,28.6,93.6,177.0,672.0,500.0
2026-09-02 07:00:08.722,28.7,93.6,190.0,678.0,500.0
2026-09-02 07:00:14.003,28.7,93.3,190.0,680.0,500.0
2026-09-02 07:00:19.470,28.7,93.3,191.0,669.0,500.0
2026-09-02 07:00:24.725,28.7,93.3,189.0,677.0,500.0
2026-09-02 07:00:30.008,28.7,93.3,191.0,711.0,500.0
2026-09-02 07:00:35.335,28.7,93.0,189.0,679.0,500.0
2026-09-02 07:00:40.569,28.7,93.0,191.0,669.0,500.0
2026-09-02 07:00:45.877,28.7,93.0,188.0,640.0,500.0
2026-09-02 07:00:51.112,28.7,93.0,189.0,659.0,500.0
2026-09-02 07:00:56.354,28.7,93.0,188.0,652.0,500.0
2026-09-02 07:01:01.597,28.7,93.0,191.0,645.0,500.0
2026-09-02 07:01:06.828,28.7,93.0,192.0,654.0,500.0
2026-09-02 07:01:12.092,28.7,92.6,176.0,634.0,500.0
2026-09-02 07:01:17.333,28.7,92.6,192.0,644.0,500.0
2026-09-02 07:01:22.567,28.7,92.6,196.0,653.0,500.0
2026-09-02 07:01:27.802,28.7,92.6,191.0,645.0,500.0
2026-09-02 07:01:33.037,28.7,92.6,189.0,645.0,500.0
2026-09-02 07:01:38.268,28.7,93.0,184.0,647.0,500.0
2026-09-02 07:01:43.502,28.8,92.5,195.0,642.0,500.0
2026-09-02 07:01:48.859,28.8,92.5,189.0,646.0,500.0
2026-09-02 07:01:54.129,28.8,92.5,189.0,654.0,500.0
2026-09-02 07:01:59.413,28.8,92.5,191.0,635.0,500.0
2026-09-02 07:02:04.659,28.8,92.5,178.0,630.0,500.0
2026-09-02 07:02:09.900,28.8,92.5,187.0,634.0,500.0
2026-09-02 07:02:15.148,28.8,92.5,181.0,636.0,500.0
2026-09-02 07:02:20.496,28.8,92.2,190.0,642.0,500.0
2026-09-02 07:02:26.652,28.8,92.2,150.0,620.0,500.0
2026-09-02 07:02:31.974,28.8,92.2,170.0,622.0,500.0
2026-09-02 07:02:37.214,28.8,92.2,181.0,625.0,500.0
2026-09-02 07:02:42.613,28.8,92.2,181.0,632.0,500.0
2026-09-02 07:02:47.858,28.8,92.2,182.0,634.0,500.0
2026-09-02 07:02:53.089,28.8,92.2,183.0,566.0,500.0
2026-09-02 07:02:58.403,28.8,92.2,162.0,578.0,500.0
2026-09-02 07:03:03.965,28.8,92.2,160.0,572.0,500.0
2026-09-02 07:03:09.238,28.8,91.9,179.0,584.0,500.0
2026-09-02 07:03:14.471,28.8,91.9,184.0,586.0,500.0
2026-09-02 07:03:19.721,28.8,91.9,189.0,592.0,500.0
2026-09-02 07:03:25.005,28.9,91.9,188.0,592.0,500.0
2026-09-02 07:03:30.286,28.8,91.9,185.0,580.0,500.0
2026-09-02 07:03:35.529,28.8,91.9,185.0,589.0,500.0
2026-09-02 07:03:40.763,28.8,91.9,185.0,591.0,500.0
2026-09-02 07:03:45.996,28.9,91.9,184.0,583.0,500.0
2026-09-02 07:03:51.240,28.8,91.9,184.0,586.0,500.0
2026-09-02 07:03:56.528,28.8,91.9,184.0,585.0,500.0
2026-09-02 07:04:01.872,28.9,91.9,186.0,587.0,500.0
2026-09-02 07:04:07.118,28.9,91.9,185.0,586.0,500.0
2026-09-02 07:04:12.354,28.9,91.5,185.0,579.0,500.0
2026-09-02 07:04:17.598,28.9,91.5,186.0,581.0,500.0
2026-09-02 07:04:22.862,28.9,91.5,183.0,580.0,500.0
2026-09-02 07:04:28.098,28.9,91.5,182.0,567.0,500.0
2026-09-02 07:04:33.413,28.9,91.5,184.0,577.0,500.0
2026-09-02 07:04:38.734,28.9,91.5,183.0,575.0,500.0
2026-09-02 07:04:43.964,28.9,91.5,156.0,569.0,500.0
2026-09-02 07:04:49.204,28.9,91.5,184.0,573.0,500.0
2026-09-02 07:04:54.430,28.9,91.5,182.0,559.0,500.0
2026-09-02 07:04:59.729,28.9,91.5,180.0,574.0,500.0
2026-09-02 07:05:04.961,28.9,91.5,181.0,572.0,500.0
2026-09-02 07:05:10.203,28.9,91.2,182.0,570.0,500.0
2026-09-02 07:05:15.603,28.9,91.2,185.0,571.0,500.0
2026-09-02 07:05:20.852,28.9,91.2,181.0,571.0,500.0
2026-09-02 07:05:26.155,28.9,91.2,145.0,555.0,493.0
2026-09-02 07:05:31.389,28.9,91.2,160.0,565.0,500.0
2026-09-02 07:05:36.623,28.9,91.2,180.0,567.0,500.0
2026-09-02 07:05:41.865,28.9,91.2,180.0,574.0,500.0
2026-09-02 07:05:47.130,28.9,91.2,178.0,575.0,500.0
2026-09-02 07:05:52.388,28.9,91.2,181.0,575.0,500.0
2026-09-02 07:05:57.647,28.9,91.2,178.0,574.0,500.0
2026-09-02 07:06:03.015,28.9,91.2,180.0,571.0,500.0
2026-09-02 07:06:08.258,28.9,91.2,180.0,572.0,500.0
2026-09-02 07:06:13.561,28.9,91.2,178.0,571.0,500.0
2026-09-02 07:06:18.898,28.9,91.2,183.0,572.0,500.0
2026-09-02 07:06:24.207,28.9,91.2,178.0,572.0,500.0
2026-09-02 07:06:29.458,28.9,91.2,162.0,572.0,500.0
2026-09-02 07:06:34.785,28.9,91.2,178.0,574.0,500.0
2026-09-02 07:06:40.079,28.9,91.2,177.0,576.0,500.0
2026-09-02 07:06:45.407,28.9,91.2,180.0,566.0,500.0
2026-09-02 07:06:50.653,28.9,91.2,181.0,574.0,500.0
2026-09-02 07:06:55.921,28.9,91.2,179.0,573.0,500.0
2026-09-02 07:07:01.171,28.9,91.2,180.0,570.0,500.0
2026-09-02 07:07:06.426,28.9,91.2,179.0,571.0,500.0
2026-09-02 07:07:11.865,28.9,91.2,182.0,562.0,500.0
2026-09-02 07:07:17.120,28.9,91.2,176.0,574.0,500.0
2026-09-02 07:07:22.360,28.9,91.2,182.0,578.0,500.0
2026-09-02 07:07:27.651,28.9,91.2,178.0,569.0,500.0
2026-09-02 07:07:32.901,28.9,91.2,182.0,564.0,500.0
2026-09-02 07:07:38.242,28.9,91.2,180.0,567.0,500.0
2026-09-02 07:07:43.521,28.9,91.2,181.0,567.0,500.0
2026-09-02 07:07:48.781,28.9,91.2,177.0,574.0,500.0
2026-09-02 07:07:54.022,28.9,91.2,183.0,573.0,500.0
2026-09-02 07:07:59.278,28.9,91.2,179.0,572.0,500.0
2026-09-02 07:08:04.530,28.9,91.2,180.0,571.0,500.0
2026-09-02 07:08:09.780,28.9,91.2,181.0,572.0,500.0
2026-09-02 07:08:15.104,28.9,91.2,177.0,536.0,484.0
2026-09-02 07:08:20.346,28.9,91.2,180.0,564.0,500.0
2026-09-02 07:08:25.597,28.9,91.2,179.0,544.0,491.0
2026-09-02 07:08:30.841,28.9,91.2,182.0,568.0,500.0
2026-09-02 07:08:36.199,28.9,91.2,153.0,526.0,471.0
2026-09-02 07:08:41.445,28.9,90.9,179.0,553.0,498.0
2026-09-02 07:08:46.689,28.9,90.9,179.0,548.0,494.0
2026-09-02 07:08:52.084,28.9,90.9,178.0,552.0,497.0
2026-09-02 07:08:57.399,28.9,90.9,165.0,551.0,494.0
2026-09-02 07:09:02.720,28.9,90.9,148.0,543.0,484.0
2026-09-02 07:09:08.339,28.9,90.9,175.0,548.0,493.0
2026-09-02 07:09:13.880,28.9,90.9,175.0,550.0,495.0
2026-09-02 07:09:19.180,28.9,91.2,148.0,533.0,476.0
2026-09-02 07:09:25.571,28.9,90.9,178.0,544.0,491.0
2026-09-02 07:09:30.959,28.9,90.9,169.0,548.0,492.0
2026-09-02 07:09:36.288,28.9,90.9,175.0,555.0,499.0
2026-09-02 07:09:41.530,28.9,90.9,182.0,553.0,499.0
2026-09-02 07:09:46.856,28.9,90.9,180.0,554.0,499.0
2026-09-02 07:09:52.099,28.9,90.9,174.0,532.0,480.0
2026-09-02 07:09:57.405,28.8,90.9,176.0,548.0,494.0
2026-09-02 07:10:02.684,28.9,91.2,175.0,553.0,497.0
2026-09-02 07:10:08.052,28.8,90.9,164.0,550.0,493.0
2026-09-02 07:10:13.299,28.8,90.9,178.0,553.0,498.0
2026-09-02 07:10:18.935,28.8,90.9,148.0,535.0,478.0
2026-09-02 07:10:24.915,28.8,91.2,179.0,533.0,482.0
2026-09-02 07:10:30.276,28.8,91.2,173.0,537.0,484.0
2026-09-02 07:10:35.525,28.8,91.2,179.0,545.0,492.0
2026-09-02 07:10:40.759,28.8,90.9,174.0,529.0,478.0
2026-09-02 07:10:46.354,28.8,90.9,150.0,548.0,488.0
2026-09-02 07:10:51.598,28.8,90.9,179.0,546.0,493.0
2026-09-02 07:10:56.895,28.8,90.9,183.0,545.0,493.0
2026-09-02 07:11:02.358,28.8,90.9,183.0,536.0,485.0
2026-09-02 07:11:07.811,28.8,91.2,178.0,538.0,486.0
2026-09-02 07:11:13.106,28.8,90.9,181.0,524.0,475.0
2026-09-02 07:11:19.786,28.8,90.9,179.0,542.0,489.0
2026-09-02 07:11:25.829,28.8,90.9,179.0,527.0,477.0
2026-09-02 07:11:31.101,28.8,90.9,180.0,543.0,490.0
2026-09-02 07:11:36.836,28.8,90.9,178.0,526.0,476.0
2026-09-02 07:11:42.289,28.7,91.0,179.0,529.0,479.0
2026-09-02 07:11:47.535,28.7,91.0,175.0,526.0,476.0
2026-09-02 07:11:52.913,28.8,90.9,173.0,540.0,487.0
2026-09-02 07:11:58.550,28.8,90.9,176.0,533.0,482.0
2026-09-02 07:12:04.903,28.7,91.0,153.0,513.0,461.0
2026-09-02 07:12:10.215,28.7,91.0,182.0,531.0,481.0
2026-09-02 07:12:15.589,28.7,91.0,178.0,527.0,477.0
2026-09-02 07:12:21.007,28.7,91.0,180.0,532.0,482.0
2026-09-02 07:12:26.294,28.8,90.9,180.0,532.0,482.0
2026-09-02 07:12:31.529,28.7,91.0,179.0,530.0,480.0
2026-09-02 07:12:36.800,28.7,91.0,179.0,535.0,484.0
2026-09-02 07:12:42.062,28.8,90.9,179.0,531.0,481.0
2026-09-02 07:12:47.385,28.7,91.0,178.0,509.0,463.0
2026-09-02 07:12:52.626,28.7,91.0,178.0,531.0,480.0
2026-09-02 07:12:57.937,28.7,91.0,176.0,531.0,480.0
2026-09-02 07:13:03.177,28.8,90.5,177.0,512.0,465.0
2026-09-02 07:13:08.482,28.7,90.6,173.0,529.0,478.0
2026-09-02 07:13:13.809,28.7,91.0,147.0,504.0,453.0
2026-09-02 07:13:19.133,28.7,90.6,179.0,515.0,468.0
2026-09-02 07:13:24.405,28.8,90.5,178.0,528.0,478.0
2026-09-02 07:13:29.679,28.7,90.6,179.0,534.0,483.0
2026-09-02 07:13:34.937,28.7,90.6,177.0,528.0,478.0
2026-09-02 07:13:40.227,28.7,90.6,176.0,533.0,482.0
2026-09-02 07:13:45.472,28.7,91.0,179.0,534.0,483.0
2026-09-02 07:13:50.708,28.7,90.6,178.0,536.0,484.0
2026-09-02 07:13:56.007,28.7,90.6,175.0,526.0,476.0
2026-09-02 07:14:01.256,28.7,90.6,176.0,508.0,462.0
2026-09-02 07:14:06.646,28.7,90.6,176.0,520.0,471.0
2026-09-02 07:14:11.975,28.7,90.6,179.0,526.0,477.0
2026-09-02 07:14:17.224,28.7,90.6,179.0,516.0,469.0
2026-09-02 07:14:22.518,28.7,90.6,176.0,520.0,471.0
2026-09-02 07:14:27.754,28.7,90.6,177.0,514.0,467.0
2026-09-02 07:14:32.993,28.7,90.6,178.0,516.0,468.0
2026-09-02 07:14:38.253,28.7,90.6,177.0,507.0,461.0
2026-09-02 07:14:43.542,28.7,90.6,179.0,520.0,472.0
2026-09-02 07:14:48.831,28.7,90.6,176.0,524.0,474.0
2026-09-02 07:14:54.071,28.7,90.6,149.0,512.0,459.0
2026-09-02 07:14:59.310,28.7,90.6,179.0,514.0,467.0
2026-09-02 07:15:04.576,28.8,90.5,178.0,528.0,478.0
2026-09-02 07:15:10.001,28.7,90.6,181.0,531.0,481.0
2026-09-02 07:15:15.356,28.7,90.6,180.0,529.0,479.0
2026-09-02 07:15:20.679,28.7,90.6,178.0,529.0,479.0
2026-09-02 07:15:25.982,28.7,90.6,179.0,527.0,477.0
2026-09-02 07:15:31.331,28.7,90.6,179.0,528.0,478.0
2026-09-02 07:15:36.654,28.7,90.6,179.0,513.0,466.0
2026-09-02 07:15:41.923,28.7,90.6,180.0,529.0,479.0
2026-09-02 07:15:47.209,28.7,90.6,165.0,507.0,459.0
2026-09-02 07:15:52.451,28.8,90.5,179.0,528.0,478.0
2026-09-02 07:15:57.759,28.7,90.6,173.0,497.0,452.0
2026-09-02 07:16:03.076,28.7,90.6,180.0,530.0,480.0
2026-09-02 07:16:08.351,28.7,90.6,177.0,521.0,472.0
2026-09-02 07:16:13.641,28.7,90.6,173.0,522.0,472.0
2026-09-02 07:16:18.926,28.7,90.6,177.0,524.0,475.0
2026-09-02 07:16:24.188,28.7,90.4,176.0,520.0,471.0
2026-09-02 07:16:29.493,28.7,90.6,178.0,497.0,453.0
2026-09-02 07:16:34.733,28.7,90.4,172.0,506.0,459.0
2026-09-02 07:16:40.039,28.7,90.4,170.0,532.0,480.0
2026-09-02 07:16:45.264,28.7,90.4,176.0,512.0,465.0
2026-09-02 07:16:50.511,28.7,90.4,177.0,528.0,478.0
2026-09-02 07:16:55.759,28.7,90.6,167.0,510.0,461.0
2026-09-02 07:17:01.019,28.7,90.4,176.0,524.0,474.0
2026-09-02 07:17:06.574,28.7,90.6,174.0,524.0,474.0
2026-09-02 07:17:11.845,28.7,90.6,178.0,512.0,465.0
2026-09-02 07:17:17.110,28.7,90.4,175.0,524.0,474.0
2026-09-02 07:17:22.381,28.7,90.4,179.0,521.0,473.0
2026-09-02 07:17:27.631,28.7,90.4,173.0,511.0,463.0
2026-09-02 07:17:32.987,28.7,90.4,178.0,523.0,474.0
2026-09-02 07:17:38.334,28.7,90.4,159.0,517.0,465.0
2026-09-02 07:17:43.594,28.7,90.4,176.0,520.0,471.0
2026-09-02 07:17:48.854,28.7,90.4,153.0,506.0,455.0
2026-09-02 07:17:54.091,28.7,90.4,178.0,519.0,471.0
2026-09-02 07:17:59.399,28.7,90.4,177.0,507.0,461.0
2026-09-02 07:18:04.649,28.7,90.4,178.0,510.0,464.0
2026-09-02 07:18:09.948,28.7,90.4,178.0,522.0,473.0
2026-09-02 07:18:15.289,28.7,90.4,176.0,520.0,471.0
2026-09-02 07:18:21.252,28.7,90.4,168.0,510.0,462.0
2026-09-02 07:18:26.499,28.7,90.6,161.0,506.0,457.0
2026-09-02 07:18:31.743,28.7,90.6,177.0,527.0,477.0
2026-09-02 07:18:36.982,28.7,90.6,178.0,525.0,476.0
2026-09-02 07:18:42.238,28.7,90.6,179.0,520.0,472.0
2026-09-02 07:18:47.475,28.7,90.6,177.0,525.0,475.0
2026-09-02 07:18:52.707,28.7,90.4,177.0,525.0,475.0
2026-09-02 07:18:57.950,28.7,90.4,177.0,528.0,478.0
2026-09-02 07:19:03.299,28.7,90.4,168.0,524.0,473.0
2026-09-02 07:19:08.834,28.7,90.4,143.0,503.0,451.0
2026-09-02 07:19:14.353,28.7,90.4,156.0,519.0,466.0
2026-09-02 07:19:20.115,28.7,90.6,135.0,493.0,441.0
2026-09-02 07:19:25.479,28.7,90.4,169.0,507.0,459.0
2026-09-02 07:19:30.725,28.7,90.6,168.0,508.0,460.0
2026-09-02 07:19:35.969,28.7,90.6,173.0,520.0,471.0
2026-09-02 07:19:41.285,28.7,90.6,145.0,519.0,464.0
2026-09-02 07:19:46.521,28.7,90.6,173.0,519.0,470.0
2026-09-02 07:19:51.838,28.7,90.6,171.0,521.0,471.0
2026-09-02 07:19:57.223,28.7,90.6,165.0,527.0,475.0
2026-09-02 07:20:02.487,28.7,90.6,172.0,528.0,477.0
2026-09-02 07:20:07.742,28.7,90.6,170.0,521.0,471.0
2026-09-02 07:20:13.037,28.7,90.6,173.0,515.0,467.0
2026-09-02 07:20:18.355,28.7,90.6,172.0,493.0,449.0
2026-09-02 07:20:23.685,28.7,90.6,173.0,521.0,471.0
2026-09-02 07:20:28.987,28.7,90.6,174.0,501.0,456.0
2026-09-02 07:20:34.236,28.7,90.6,170.0,502.0,456.0
2026-09-02 07:20:39.481,28.7,90.6,146.0,511.0,458.0
2026-09-02 07:20:44.774,28.7,90.4,170.0,516.0,467.0
2026-09-02 07:20:50.100,28.7,90.6,174.0,504.0,458.0
2026-09-02 07:20:55.352,28.7,90.4,175.0,491.0,448.0
2026-09-02 07:21:00.648,28.7,90.6,172.0,518.0,469.0
2026-09-02 07:21:05.898,28.7,90.4,172.0,513.0,465.0
2026-09-02 07:21:11.195,28.7,90.4,172.0,524.0,474.0
2026-09-02 07:21:16.537,28.7,90.6,171.0,497.0,452.0
2026-09-02 07:21:21.774,28.7,90.4,172.0,515.0,466.0
2026-09-02 07:21:27.006,28.7,90.4,166.0,516.0,466.0
2026-09-02 07:21:32.244,28.7,90.4,146.0,522.0,467.0
2026-09-02 07:21:37.515,28.7,90.6,173.0,519.0,470.0
2026-09-02 07:21:42.757,28.7,90.4,173.0,516.0,467.0
2026-09-02 07:21:48.059,28.7,90.6,174.0,509.0,462.0
2026-09-02 07:21:53.294,28.7,90.6,176.0,517.0,469.0
2026-09-02 07:21:58.605,28.7,90.6,175.0,515.0,467.0
2026-09-02 07:22:03.936,28.7,90.6,177.0,503.0,458.0
2026-09-02 07:22:09.183,28.7,90.6,175.0,512.0,465.0
2026-09-02 07:22:14.478,28.7,90.6,177.0,518.0,470.0
2026-09-02 07:22:19.725,28.7,90.6,174.0,515.0,467.0
2026-09-02 07:22:25.024,28.7,90.6,169.0,516.0,467.0
2026-09-02 07:22:30.347,28.7,90.6,172.0,513.0,465.0
2026-09-02 07:22:35.704,28.7,90.6,173.0,517.0,468.0
2026-09-02 07:22:40.950,28.7,90.6,170.0,516.0,467.0
2026-09-02 07:22:46.204,28.7,90.6,172.0,517.0,468.0
2026-09-02 07:22:51.549,28.7,90.6,171.0,512.0,464.0
2026-09-02 07:22:57.015,28.7,90.6,171.0,511.0,463.0
2026-09-02 07:23:02.302,28.7,90.6,174.0,519.0,470.0
2026-09-02 07:23:07.620,28.7,90.6,172.0,515.0,466.0
2026-09-02 07:23:12.949,28.7,90.6,170.0,496.0,451.0
2026-09-02 07:23:18.273,28.7,90.6,173.0,511.0,463.0
2026-09-02 07:23:23.512,28.7,90.6,144.0,491.0,442.0
2026-09-02 07:23:28.744,28.7,90.6,172.0,496.0,451.0
2026-09-02 07:23:33.982,28.7,90.6,174.0,498.0,453.0
2026-09-02 07:23:39.287,28.7,90.6,170.0,515.0,466.0
2026-09-02 07:23:44.589,28.7,90.6,171.0,518.0,469.0
2026-09-02 07:23:49.916,28.7,90.6,171.0,514.0,465.0
2026-09-02 07:23:55.157,28.7,90.6,173.0,490.0,447.0
2026-09-02 07:24:00.461,28.7,90.6,174.0,514.0,466.0
2026-09-02 07:24:05.787,28.7,90.6,172.0,512.0,464.0
2026-09-02 07:24:11.113,28.7,90.6,169.0,504.0,457.0
2026-09-02 07:24:16.359,28.7,90.6,172.0,511.0,463.0
2026-09-02 07:24:21.593,28.7,90.6,175.0,518.0,469.0
2026-09-02 07:24:26.850,28.7,90.6,174.0,518.0,469.0
2026-09-02 07:24:32.228,28.7,90.6,173.0,509.0,462.0
2026-09-02 07:24:37.532,28.7,90.6,172.0,516.0,467.0
2026-09-02 07:24:42.867,28.7,90.6,173.0,504.0,458.0
2026-09-02 07:24:48.114,28.7,90.6,173.0,515.0,467.0
2026-09-02 07:24:53.401,28.7,90.6,173.0,510.0,463.0
2026-09-02 07:24:58.676,28.7,90.6,173.0,515.0,467.0
2026-09-02 07:25:03.930,28.7,90.6,153.0,515.0,463.0
2026-09-02 07:25:09.169,28.7,90.6,174.0,518.0,469.0
2026-09-02 07:25:14.401,28.7,90.6,170.0,511.0,463.0
2026-09-02 07:25:19.638,28.7,90.6,172.0,515.0,466.0
2026-09-02 07:25:24.883,28.7,91.0,172.0,518.0,469.0
2026-09-02 07:25:30.129,28.7,91.0,173.0,495.0,451.0
2026-09-02 07:25:35.367,28.7,91.0,172.0,509.0,462.0
2026-09-02 07:25:40.611,28.7,91.0,172.0,505.0,458.0
2026-09-02 07:25:45.847,28.7,91.0,174.0,510.0,463.0
2026-09-02 07:25:51.078,28.7,91.0,175.0,493.0,449.0
2026-09-02 07:25:56.317,28.7,91.0,176.0,514.0,466.0
2026-09-02 07:26:01.560,28.7,91.0,174.0,508.0,461.0
2026-09-02 07:26:06.822,28.7,91.0,173.0,509.0,462.0
2026-09-02 07:26:12.146,28.7,91.0,174.0,508.0,461.0
2026-09-02 07:26:17.473,28.7,91.0,175.0,508.0,461.0
2026-09-02 07:26:22.713,28.7,91.0,177.0,487.0,445.0
2026-09-02 07:26:28.122,28.7,91.0,179.0,508.0,462.0
2026-09-02 07:26:33.448,28.7,91.0,178.0,503.0,458.0
2026-09-02 07:26:38.774,28.7,91.0,177.0,507.0,461.0
2026-09-02 07:26:44.006,28.7,91.0,176.0,516.0,468.0
2026-09-02 07:26:49.315,28.7,91.0,174.0,513.0,465.0
2026-09-02 07:26:54.554,28.7,90.6,171.0,506.0,459.0
2026-09-02 07:26:59.805,28.7,90.6,174.0,511.0,464.0
2026-09-02 07:27:05.049,28.7,90.6,173.0,508.0,461.0
2026-09-02 07:27:10.297,28.7,90.6,173.0,510.0,463.0
2026-09-02 07:27:15.634,28.7,91.0,176.0,516.0,468.0
2026-09-02 07:27:20.960,28.7,90.6,178.0,509.0,463.0
2026-09-02 07:27:26.341,28.7,90.6,172.0,501.0,455.0
2026-09-02 07:27:31.610,28.7,90.6,142.0,497.0,446.0
2026-09-02 07:27:36.939,28.7,90.6,174.0,506.0,460.0
2026-09-02 07:27:42.260,28.7,90.6,176.0,508.0,462.0
2026-09-02 07:27:47.584,28.7,90.6,172.0,510.0,462.0
2026-09-02 07:27:52.830,28.7,90.6,174.0,515.0,467.0
2026-09-02 07:27:58.072,28.7,90.6,176.0,494.0,450.0
2026-09-02 07:28:03.355,28.7,90.6,175.0,504.0,458.0
2026-09-02 07:28:08.602,28.7,90.6,174.0,513.0,465.0
2026-09-02 07:28:13.836,28.7,90.6,175.0,510.0,463.0
2026-09-02 07:28:19.074,28.7,90.6,176.0,511.0,464.0
2026-09-02 07:28:24.343,28.7,90.6,175.0,511.0,464.0
2026-09-02 07:28:29.673,28.7,90.6,176.0,513.0,466.0
2026-09-02 07:28:34.993,28.7,90.6,174.0,490.0,447.0
2026-09-02 07:28:40.244,28.7,90.6,177.0,516.0,468.0
2026-09-02 07:28:45.540,28.7,90.6,175.0,513.0,465.0
2026-09-02 07:28:50.774,28.7,90.6,154.0,512.0,460.0
2026-09-02 07:28:56.016,28.7,90.6,178.0,514.0,467.0
2026-09-02 07:29:01.256,28.7,90.6,175.0,512.0,465.0
2026-09-02 07:29:06.513,28.7,90.6,176.0,517.0,469.0
2026-09-02 07:29:11.858,28.7,90.6,177.0,512.0,465.0
2026-09-02 07:29:17.089,28.7,90.6,154.0,507.0,456.0
2026-09-02 07:29:22.341,28.7,90.6,175.0,509.0,462.0
2026-09-02 07:29:27.602,28.7,90.6,173.0,487.0,444.0
2026-09-02 07:29:32.835,28.7,90.6,177.0,523.0,474.0
2026-09-02 07:29:38.082,28.7,90.6,176.0,526.0,476.0
2026-09-02 07:29:43.327,28.7,90.6,175.0,496.0,452.0
2026-09-02 07:29:48.599,28.7,90.6,178.0,517.0,469.0
2026-09-02 07:29:53.947,28.7,90.6,176.0,508.0,462.0
2026-09-02 07:29:59.266,28.7,90.6,176.0,512.0,465.0
2026-09-02 07:30:04.594,28.7,90.6,177.0,512.0,465.0
2026-09-02 07:30:09.917,28.7,90.6,176.0,511.0,464.0
2026-09-02 07:30:15.153,28.7,90.6,177.0,512.0,465.0
2026-09-02 07:30:20.468,28.7,90.6,176.0,507.0,461.0
2026-09-02 07:30:25.791,28.7,90.6,178.0,504.0,459.0
2026-09-02 07:30:31.038,28.7,90.6,177.0,505.0,459.0
2026-09-02 07:30:36.287,28.7,91.0,175.0,507.0,461.0
2026-09-02 07:30:41.519,28.7,90.6,174.0,510.0,463.0
2026-09-02 07:30:46.785,28.7,90.6,172.0,510.0,462.0
2026-09-02 07:30:52.107,28.7,90.6,175.0,496.0,452.0
2026-09-02 07:30:57.344,28.7,90.6,175.0,510.0,463.0
2026-09-02 07:31:02.651,28.7,90.6,201.0,507.0,466.0
2026-09-02 07:31:07.902,28.7,91.0,212.0,507.0,468.0
2026-09-02 07:31:17.405,28.7,90.6,151.0,494.0,445.0
2026-09-02 07:31:22.826,28.7,90.6,222.0,504.0,468.0
2026-09-02 07:31:28.120,28.7,91.0,181.0,505.0,460.0
2026-09-02 07:31:33.435,28.7,91.0,208.0,502.0,463.0
2026-09-02 07:31:38.699,28.7,91.0,201.0,505.0,464.0
2026-09-02 07:31:43.959,28.7,91.0,180.0,487.0,446.0
2026-09-02 07:31:49.216,28.7,91.0,210.0,487.0,452.0
2026-09-02 07:31:54.469,28.7,90.6,203.0,469.0,436.0
2026-09-02 07:31:59.720,28.7,91.0,181.0,482.0,442.0
2026-09-02 07:32:04.967,28.7,91.0,202.0,475.0,440.0
2026-09-02 07:32:10.341,28.7,90.6,200.0,469.0,435.0
2026-09-02 07:32:15.587,28.7,90.6,176.0,471.0,432.0
2026-09-02 07:32:20.830,28.7,90.6,171.0,462.0,424.0
2026-09-02 07:32:26.088,28.7,91.0,228.0,472.0,443.0
2026-09-02 07:32:31.372,28.7,91.0,215.0,485.0,451.0
2026-09-02 07:32:36.673,28.7,91.0,193.0,490.0,451.0
2026-09-02 07:32:41.981,28.7,91.0,193.0,488.0,449.0
2026-09-02 07:32:47.209,28.7,91.0,220.0,490.0,456.0
2026-09-02 07:32:52.462,28.7,90.6,192.0,485.0,446.0
2026-09-02 07:32:57.738,28.7,91.0,195.0,485.0,447.0
2026-09-02 07:33:02.977,28.7,91.0,176.0,481.0,440.0
2026-09-02 07:33:08.228,28.7,91.0,178.0,476.0,436.0
2026-09-02 07:33:13.534,28.7,91.0,175.0,471.0,432.0
2026-09-02 07:33:18.787,28.7,91.0,196.0,488.0,450.0
2026-09-02 07:33:24.047,28.7,91.0,193.0,482.0,444.0
2026-09-02 07:33:29.294,28.7,91.0,204.0,486.0,450.0
2026-09-02 07:33:34.534,28.7,91.0,177.0,469.0,431.0
2026-09-02 07:33:39.784,28.7,91.0,214.0,479.0,446.0
2026-09-02 07:33:45.019,28.8,90.9,201.0,484.0,447.0
2026-09-02 07:33:50.840,28.7,90.6,173.0,469.0,430.0
2026-09-02 07:33:56.115,28.7,90.6,212.0,476.0,443.0
2026-09-02 07:34:01.383,28.7,91.0,206.0,468.0,436.0
2026-09-02 07:34:06.771,28.7,91.0,168.0,487.0,443.0
2026-09-02 07:34:12.093,28.8,90.5,213.0,483.0,449.0
2026-09-02 07:34:17.395,28.7,90.6,211.0,482.0,448.0
2026-09-02 07:34:22.684,28.7,90.6,218.0,478.0,446.0
2026-09-02 07:34:27.966,28.7,91.0,185.0,470.0,433.0
2026-09-02 07:34:33.201,28.7,90.6,216.0,487.0,453.0
2026-09-02 07:34:38.491,28.8,90.5,170.0,484.0,441.0
2026-09-02 07:34:43.718,28.7,90.6,145.0,469.0,424.0
2026-09-02 07:34:49.014,28.8,90.5,210.0,485.0,450.0
2026-09-02 07:34:54.237,28.8,90.5,191.0,475.0,438.0
2026-09-02 07:34:59.480,28.8,90.5,193.0,489.0,450.0
2026-09-02 07:35:04.827,28.8,90.5,189.0,489.0,449.0
2026-09-02 07:35:10.155,28.7,90.6,175.0,474.0,434.0
2026-09-02 07:35:15.410,28.8,90.5,168.0,485.0,442.0
2026-09-02 07:35:20.702,28.8,90.5,173.0,484.0,442.0
2026-09-02 07:35:25.970,28.8,90.5,217.0,491.0,456.0
2026-09-02 07:35:31.377,28.7,90.6,145.0,475.0,429.0
2026-09-02 07:35:36.634,28.8,90.5,180.0,477.0,438.0
2026-09-02 07:35:41.894,28.8,90.5,200.0,483.0,446.0
2026-09-02 07:35:47.165,28.8,90.5,222.0,489.0,456.0
2026-09-02 07:35:52.607,28.8,90.5,167.0,489.0,445.0
2026-09-02 07:35:57.923,28.7,90.6,192.0,478.0,441.0
2026-09-02 07:36:03.211,28.8,90.5,210.0,484.0,449.0
2026-09-02 07:36:08.525,28.8,90.5,190.0,469.0,433.0
2026-09-02 07:36:13.847,28.8,90.3,208.0,489.0,453.0
2026-09-02 07:36:19.086,28.8,90.3,211.0,488.0,453.0
2026-09-02 07:36:24.469,28.8,90.3,194.0,467.0,432.0
2026-09-02 07:36:29.821,28.8,90.3,189.0,488.0,448.0
2026-09-02 07:36:35.142,28.8,90.3,207.0,488.0,452.0
2026-09-02 07:36:40.423,28.8,90.3,170.0,484.0,441.0
2026-09-02 07:36:45.720,28.8,90.3,168.0,474.0,433.0
2026-09-02 07:36:51.019,28.8,90.3,172.0,489.0,446.0
2026-09-02 07:36:56.369,28.8,90.3,192.0,491.0,451.0
2026-09-02 07:37:01.771,28.8,90.3,213.0,490.0,455.0
2026-09-02 07:37:07.022,28.8,90.3,159.0,462.0,421.0
2026-09-02 07:37:12.268,28.8,90.3,184.0,490.0,449.0
2026-09-02 07:37:17.499,28.8,90.3,216.0,485.0,451.0
2026-09-02 07:37:22.771,28.8,90.0,195.0,489.0,450.0
2026-09-02 07:37:28.022,28.8,90.0,163.0,479.0,436.0
2026-09-02 07:37:33.412,28.8,90.0,171.0,490.0,446.0
2026-09-02 07:37:38.687,28.8,90.0,198.0,485.0,448.0
2026-09-02 07:37:43.973,28.8,90.0,166.0,489.0,444.0
2026-09-02 07:37:49.232,28.8,90.0,206.0,484.0,448.0
2026-09-02 07:37:54.532,28.8,90.0,189.0,473.0,436.0
2026-09-02 07:37:59.829,28.8,90.3,191.0,475.0,438.0
2026-09-02 07:38:05.087,28.8,90.3,206.0,467.0,435.0
2026-09-02 07:38:10.414,28.8,90.0,194.0,468.0,433.0
2026-09-02 07:38:15.674,28.8,90.0,162.0,471.0,429.0
2026-09-02 07:38:20.937,28.8,90.0,219.0,476.0,445.0
2026-09-02 07:38:26.175,28.8,90.0,160.0,469.0,427.0
2026-09-02 07:38:35.133,28.8,90.0,170.0,451.0,415.0
2026-09-02 07:38:40.375,0.0,0.0,166.0,474.0,412.0
2026-09-02 07:38:45.681,28.8,90.3,216.0,466.0,436.0
2026-09-02 07:38:50.957,28.8,90.0,214.0,471.0,440.0
2026-09-02 07:38:56.223,28.8,90.0,144.0,474.0,428.0
2026-09-02 07:39:01.456,28.8,90.0,209.0,476.0,443.0
2026-09-02 07:39:06.701,28.8,90.0,213.0,484.0,450.0
2026-09-02 07:39:11.954,28.8,90.0,165.0,478.0,435.0
2026-09-02 07:39:17.266,28.8,90.0,185.0,486.0,446.0
2026-09-02 07:39:22.532,28.8,90.0,217.0,490.0,455.0
2026-09-02 07:39:27.799,28.8,90.0,161.0,489.0,443.0
2026-09-02 07:39:33.177,28.8,90.0,205.0,473.0,439.0
2026-09-02 07:39:38.444,28.8,90.0,158.0,487.0,441.0
2026-09-02 07:39:43.766,28.8,90.0,208.0,481.0,446.0
2026-09-02 07:39:49.134,28.8,90.0,166.0,473.0,432.0
2026-09-02 07:39:54.383,28.8,90.0,152.0,456.0,415.0
2026-09-02 07:39:59.640,28.8,90.0,143.0,472.0,426.0
2026-09-02 07:40:04.869,28.8,90.0,165.0,490.0,445.0
2026-09-02 07:40:10.112,28.8,90.0,165.0,487.0,443.0
2026-09-02 07:40:15.476,28.8,90.0,205.0,491.0,454.0
2026-09-02 07:40:20.836,28.8,90.0,149.0,473.0,428.0
2026-09-02 07:40:26.106,28.8,90.0,193.0,481.0,443.0
2026-09-02 07:40:31.412,28.8,90.0,203.0,472.0,438.0
2026-09-02 07:40:36.707,28.8,90.0,164.0,491.0,446.0
2026-09-02 07:40:42.052,28.8,90.0,176.0,490.0,447.0
2026-09-02 07:40:47.279,28.8,90.0,190.0,486.0,447.0
2026-09-02 07:40:52.578,28.8,90.0,206.0,493.0,456.0
2026-09-02 07:40:57.814,28.8,89.8,188.0,467.0,431.0
2026-09-02 07:41:03.126,28.8,89.8,133.0,450.0,407.0
2026-09-02 07:41:08.454,28.8,89.8,207.0,489.0,453.0
2026-09-02 07:41:13.704,28.8,89.8,170.0,478.0,436.0
2026-09-02 07:41:18.996,28.8,89.8,178.0,488.0,446.0
2026-09-02 07:41:24.246,28.8,89.8,189.0,479.0,441.0
2026-09-02 07:41:29.474,28.8,89.5,164.0,490.0,445.0
2026-09-02 07:41:34.767,28.8,89.5,166.0,487.0,443.0
2026-09-02 07:41:40.092,28.8,89.5,164.0,487.0,442.0
2026-09-02 07:41:45.328,28.8,89.5,173.0,484.0,442.0
2026-09-02 07:41:50.567,28.8,89.5,215.0,486.0,452.0
2026-09-02 07:41:55.862,28.8,89.5,217.0,490.0,455.0
2026-09-02 07:42:01.288,28.8,89.5,173.0,487.0,444.0
2026-09-02 07:42:06.574,28.8,89.5,198.0,487.0,449.0
2026-09-02 07:42:11.810,28.8,89.5,208.0,492.0,455.0
2026-09-02 07:42:17.044,28.8,89.3,201.0,474.0,439.0
2026-09-02 07:42:22.278,28.8,89.3,209.0,489.0,453.0
2026-09-02 07:42:27.521,28.8,89.3,219.0,483.0,450.0
2026-09-02 07:42:32.829,28.8,89.3,174.0,486.0,444.0
2026-09-02 07:42:38.158,28.8,89.3,173.0,478.0,437.0
2026-09-02 07:42:43.399,28.8,89.3,209.0,485.0,450.0
2026-09-02 07:42:48.632,28.8,89.3,216.0,488.0,454.0
2026-09-02 07:42:53.919,28.8,89.3,209.0,475.0,442.0
2026-09-02 07:42:59.178,28.8,89.3,203.0,485.0,449.0
2026-09-02 07:43:04.419,28.8,89.3,220.0,489.0,455.0
2026-09-02 07:43:09.694,28.8,89.3,176.0,483.0,442.0
2026-09-02 07:43:14.952,28.8,89.3,192.0,490.0,450.0
2026-09-02 07:43:20.206,28.8,89.3,165.0,486.0,442.0
2026-09-02 07:43:25.445,28.8,89.3,163.0,491.0,445.0
2026-09-02 07:43:30.687,28.8,89.3,168.0,485.0,442.0
2026-09-02 07:43:35.934,28.8,89.3,207.0,489.0,453.0
2026-09-02 07:43:41.173,28.8,89.3,172.0,487.0,444.0
2026-09-02 07:43:46.442,28.8,89.3,170.0,485.0,442.0
2026-09-02 07:43:51.778,28.8,89.3,173.0,487.0,444.0
2026-09-02 07:43:57.102,28.8,89.3,192.0,472.0,436.0
2026-09-02 07:44:02.426,28.8,89.3,203.0,469.0,436.0
2026-09-02 07:44:07.673,28.8,89.3,204.0,476.0,442.0
2026-09-02 07:44:12.921,28.8,89.3,164.0,490.0,445.0
2026-09-02 07:44:18.146,28.8,89.3,181.0,486.0,445.0
2026-09-02 07:44:23.420,28.8,89.3,202.0,480.0,444.0
2026-09-02 07:44:28.681,28.8,89.3,157.0,485.0,439.0
2026-09-02 07:44:33.936,28.8,89.3,189.0,473.0,436.0
2026-09-02 07:44:39.171,28.8,89.3,167.0,472.0,431.0
2026-09-02 07:44:44.408,28.8,89.3,173.0,473.0,433.0
2026-09-02 07:44:49.649,28.8,89.0,200.0,478.0,442.0
2026-09-02 07:44:54.958,28.8,89.0,197.0,476.0,440.0
2026-09-02 07:45:00.224,28.8,89.0,211.0,479.0,445.0
2026-09-02 07:45:05.477,28.8,89.3,192.0,490.0,450.0
2026-09-02 07:45:10.718,28.8,89.0,165.0,484.0,440.0
2026-09-02 07:45:15.959,28.8,89.3,220.0,487.0,454.0
2026-09-02 07:45:21.202,28.8,89.0,158.0,487.0,441.0
2026-09-02 07:45:26.497,28.8,89.0,200.0,475.0,440.0
2026-09-02 07:45:31.819,28.8,89.0,176.0,466.0,428.0
2026-09-02 07:45:37.048,28.8,89.0,173.0,480.0,439.0
2026-09-02 07:45:42.369,28.8,89.0,178.0,489.0,447.0
2026-09-02 07:45:47.607,28.8,89.0,223.0,482.0,450.0
2026-09-02 07:45:52.839,28.8,89.0,207.0,489.0,453.0
2026-09-02 07:45:58.068,28.8,89.0,178.0,486.0,444.0
2026-09-02 07:46:03.304,28.8,89.0,171.0,486.0,443.0
2026-09-02 07:46:08.542,28.8,89.0,206.0,489.0,452.0
2026-09-02 07:46:13.838,28.8,89.0,176.0,490.0,447.0
2026-09-02 07:46:19.131,28.8,89.0,200.0,486.0,449.0
2026-09-02 07:46:24.358,28.8,89.0,207.0,474.0,441.0
2026-09-02 07:46:29.595,28.8,89.0,222.0,485.0,452.0
2026-09-02 07:46:34.851,28.8,89.0,173.0,486.0,443.0
2026-09-02 07:46:40.091,28.8,89.0,178.0,486.0,444.0
2026-09-02 07:46:45.321,28.7,89.1,205.0,480.0,445.0
2026-09-02 07:46:50.557,28.8,89.0,177.0,489.0,447.0
2026-09-02 07:46:55.787,28.8,89.0,200.0,487.0,450.0
2026-09-02 07:47:01.115,28.8,89.0,201.0,488.0,451.0
2026-09-02 07:47:06.363,28.8,89.0,212.0,475.0,442.0
2026-09-02 07:47:11.659,28.8,89.0,175.0,488.0,445.0
2026-09-02 07:47:16.888,28.8,89.0,175.0,485.0,443.0
2026-09-02 07:47:22.137,28.8,89.0,201.0,473.0,439.0
2026-09-02 07:47:27.363,28.8,88.8,193.0,484.0,446.0
2026-09-02 07:47:32.654,28.8,89.0,180.0,478.0,438.0
2026-09-02 07:47:37.977,28.8,88.8,173.0,486.0,443.0
2026-09-02 07:47:43.219,28.8,88.8,221.0,469.0,439.0
2026-09-02 07:47:48.454,28.8,88.8,171.0,485.0,442.0
2026-09-02 07:47:53.758,28.8,88.8,208.0,474.0,441.0
2026-09-02 07:47:59.000,28.8,88.8,201.0,487.0,450.0
2026-09-02 07:48:04.244,28.8,88.8,220.0,487.0,454.0
2026-09-02 07:48:09.518,28.8,88.8,179.0,487.0,445.0
2026-09-02 07:48:14.841,28.8,88.8,154.0,487.0,440.0
2026-09-02 07:48:20.167,28.8,88.8,219.0,485.0,452.0
2026-09-02 07:48:25.494,28.8,88.8,179.0,482.0,441.0
2026-09-02 07:48:30.822,28.8,88.8,232.0,487.0,456.0
2026-09-02 07:48:36.074,28.8,88.8,227.0,481.0,450.0
2026-09-02 07:48:41.364,28.8,88.8,207.0,478.0,444.0
2026-09-02 07:48:46.604,28.8,88.8,204.0,487.0,450.0
2026-09-02 07:48:51.910,28.8,88.8,213.0,487.0,452.0
2026-09-02 07:48:57.138,28.8,88.8,190.0,480.0,442.0
2026-09-02 07:49:02.457,28.8,88.8,229.0,485.0,454.0
2026-09-02 07:49:07.786,28.8,88.8,229.0,484.0,453.0
2026-09-02 07:49:13.020,28.8,88.8,212.0,484.0,450.0
2026-09-02 07:49:18.258,28.8,88.8,209.0,488.0,452.0
2026-09-02 07:49:23.497,28.8,88.8,211.0,488.0,453.0
2026-09-02 07:49:28.736,28.8,88.8,218.0,490.0,456.0
2026-09-02 07:49:33.968,28.8,88.8,180.0,477.0,438.0
2026-09-02 07:49:39.214,28.8,88.8,191.0,487.0,448.0
2026-09-02 07:49:44.545,28.8,88.8,215.0,488.0,453.0
2026-09-02 07:49:49.780,28.8,88.8,190.0,485.0,446.0
2026-09-02 07:49:55.016,28.8,88.5,180.0,491.0,449.0
2026-09-02 07:50:00.250,28.8,88.5,182.0,474.0,436.0
2026-09-02 07:50:05.537,28.8,88.8,210.0,481.0,447.0
2026-09-02 07:50:10.778,28.8,88.8,211.0,476.0,443.0
2026-09-02 07:50:16.085,28.8,88.8,232.0,487.0,456.0
2026-09-02 07:50:21.337,28.8,88.8,218.0,485.0,452.0
2026-09-02 07:50:26.573,28.8,88.8,214.0,486.0,452.0
2026-09-02 07:50:31.853,28.8,88.8,234.0,486.0,456.0
2026-09-02 07:50:37.177,28.8,88.8,215.0,485.0,451.0
2026-09-02 07:50:42.413,28.8,88.8,176.0,487.0,445.0
2026-09-02 07:50:47.643,28.8,88.8,200.0,473.0,438.0
2026-09-02 07:50:52.877,28.8,88.8,222.0,476.0,445.0
2026-09-02 07:50:58.109,28.8,88.8,197.0,461.0,428.0
2026-09-02 07:51:03.391,28.8,88.8,183.0,477.0,438.0
2026-09-02 07:51:08.619,28.8,88.8,205.0,484.0,448.0
2026-09-02 07:51:13.940,28.8,88.8,179.0,488.0,446.0
2026-09-02 07:51:19.262,28.8,88.8,211.0,483.0,449.0
2026-09-02 07:51:24.590,28.8,88.8,152.0,487.0,440.0
2026-09-02 07:51:29.826,28.8,88.8,220.0,489.0,455.0
2026-09-02 07:51:35.062,28.8,88.8,206.0,477.0,443.0
2026-09-02 07:51:40.360,28.8,88.8,180.0,477.0,438.0
2026-09-02 07:51:45.594,28.8,88.8,198.0,485.0,448.0
2026-09-02 07:51:50.833,28.8,88.8,207.0,477.0,443.0
2026-09-02 07:51:56.114,28.8,88.8,214.0,490.0,455.0
2026-09-02 07:52:01.344,28.8,89.0,216.0,487.0,453.0
2026-09-02 07:52:06.583,28.8,88.8,179.0,487.0,445.0
2026-09-02 07:52:11.824,28.8,88.8,180.0,486.0,445.0
2026-09-02 07:52:17.059,28.8,88.8,235.0,488.0,457.0
2026-09-02 07:52:22.300,28.8,88.8,177.0,490.0,447.0
2026-09-02 07:52:27.568,28.8,88.8,194.0,488.0,449.0
2026-09-02 07:52:32.799,28.8,89.0,203.0,487.0,450.0
2026-09-02 07:52:38.112,28.8,88.8,183.0,484.0,444.0
2026-09-02 07:52:43.347,28.8,89.0,226.0,486.0,454.0
2026-09-02 07:52:48.597,28.8,88.8,237.0,484.0,455.0
2026-09-02 07:52:53.839,28.8,89.0,224.0,487.0,454.0
2026-09-02 07:52:59.104,28.8,88.8,216.0,485.0,451.0
2026-09-02 07:53:04.430,28.8,89.0,209.0,474.0,441.0
2026-09-02 07:53:09.669,28.8,89.0,177.0,486.0,444.0
2026-09-02 07:53:14.915,28.8,89.0,175.0,476.0,436.0
2026-09-02 07:53:20.201,28.8,89.0,176.0,487.0,445.0
2026-09-02 07:53:25.430,28.8,88.8,181.0,487.0,446.0
2026-09-02 07:53:30.747,28.8,89.0,212.0,488.0,453.0
2026-09-02 07:53:35.987,28.8,88.8,198.0,488.0,450.0
2026-09-02 07:53:41.294,28.8,88.8,211.0,486.0,451.0
2026-09-02 07:53:46.533,28.8,88.8,212.0,488.0,453.0
2026-09-02 07:53:51.769,28.8,89.0,209.0,489.0,453.0
2026-09-02 07:53:57.061,28.8,89.0,186.0,488.0,448.0
2026-09-02 07:54:02.391,28.8,89.0,199.0,489.0,451.0
2026-09-02 07:54:07.633,28.8,89.0,192.0,486.0,447.0
2026-09-02 07:54:12.871,28.8,89.0,188.0,487.0,447.0
2026-09-02 07:54:18.109,28.8,89.0,168.0,476.0,434.0
2026-09-02 07:54:23.348,28.8,89.0,229.0,491.0,459.0
2026-09-02 07:54:28.705,28.8,89.0,224.0,487.0,454.0
2026-09-02 07:54:33.935,28.8,89.0,178.0,476.0,436.0
2026-09-02 07:54:39.170,28.8,89.0,232.0,489.0,458.0
2026-09-02 07:54:44.473,28.8,89.0,163.0,480.0,437.0
2026-09-02 07:54:49.712,28.9,89.0,205.0,490.0,453.0
2026-09-02 07:54:55.021,28.9,89.0,188.0,477.0,439.0
